m,m.1,kPa,kg m-2s-1,°C,kW m-2
0.00384,1.55,2940,3984,195.14,1922
0.00384,1.55,2940,3984,209.14,1772
0.008,0.79,2940,995,75.88,3752
0.008,0.79,2940,995,85.9,3741
0.008,0.79,2940,995,98.76,3674
0.008,0.79,2940,995,119.6,3638
0.008,0.79,2940,989,128.79,3571
0.008,0.79,2940,995,148.69,3441
0.008,0.79,2940,989,191.09,3177
0.008,0.79,2940,995,210.24,3017
0.008,1.57,2940,1007,54.6,2426
0.008,1.57,2940,1007,65.85,2410
0.008,1.57,2940,1007,75.88,2352
0.008,1.57,2940,1007,85.9,2324
0.008,1.57,2940,1012,95.67,2276
0.008,1.57,2940,1007,104.69,2226
0.008,1.57,2940,1007,124.79,2099
0.008,1.57,2940,1007,133.73,2066
0.008,1.57,2940,1007,144.73,2036
0.008,1.57,2940,1001,154.73,1991
0.008,1.57,2940,1001,165.82,1942
0.008,1.57,2940,1007,174.99,1905
0.008,1.57,2940,1007,174.99,1905
0.008,1.57,2940,1007,205.16,1743
0.008,1.57,2940,1001,217.24,1669
0.008,2.51,2940,990,134.67,1305
0.008,2.51,2940,996,144.73,1289
0.008,2.51,2940,990,153.8,1250
0.008,2.51,2940,990,165.82,1201
0.008,2.51,2940,990,175.91,1175
0.008,2.51,2940,990,185.91,1155
0.008,2.51,2940,996,191.99,1139
0.008,2.51,2940,996,213.09,1065
0.008,3.49,2940,1005,80.89,1082
0.008,3.49,2940,1005,101.84,1030
0.008,3.49,2940,1005,124.79,972
0.008,3.49,2940,1005,146.82,938
0.008,3.49,2940,1005,165.82,897
0.008,3.49,2940,1005,189.07,830
0.008,3.49,2940,1005,210.24,781
0.008,0.78,2940,1617,119.6,4551
0.008,0.78,2940,1605,129.74,4493
0.008,0.78,2940,1617,139.82,4435
0.008,0.78,2940,1629,149.85,4357
0.008,0.78,2940,1617,159.82,4336
0.008,0.78,2940,1617,169.96,4251
0.008,0.78,2940,1611,180.92,3999
0.008,0.78,2940,1623,196.03,3909
0.008,0.78,2940,1722,147.76,4551
0.008,0.78,2940,1722,159.82,4488
0.008,0.78,2940,1739,169.96,4383
0.008,0.78,2940,1710,200.05,4078
0.008,1.57,2940,1590,100.66,3020
0.008,1.57,2940,1590,110.62,2931
0.008,1.57,2940,1584,119.6,2868
0.008,1.57,2940,1584,131.62,2775
0.008,1.57,2940,1584,140.76,2744
0.008,1.57,2940,1584,149.85,2668
0.008,1.57,2940,1584,177.96,2471
0.008,1.97,2940,1595,158.9,2116
0.008,1.97,2940,1601,171.79,2047
0.008,1.97,2940,1601,180.92,1966
0.008,1.97,2940,1584,185.91,1910
0.008,1.97,2940,1601,193.12,1878
0.008,1.97,2940,1579,207.15,1781
0.008,1.97,2940,1590,217.24,1710
0.008,2.51,2940,1595,174.99,1580
0.008,2.51,2940,1584,185.91,1500
0.008,0.78,2940,2228,159.82,4555
0.008,0.78,2940,2228,180.01,4301
0.008,0.78,2940,2228,189.97,4220
0.008,0.78,2940,2222,200.05,4134
0.008,0.78,2940,2217,210.24,3982
0.008,0.78,2940,2222,219.2,3855
0.008,1.57,2940,2190,139.82,3157
0.008,1.57,2940,2190,154.73,3030
0.008,1.57,2940,2201,164.9,2926
0.008,1.57,2940,2201,175.91,2840
0.008,1.57,2940,2201,185,2729
0.008,1.57,2940,2206,191.99,2653
0.008,1.57,2940,2195,206.05,2484
0.008,1.57,2940,2212,224.18,2335
0.008,3.49,2940,2004,82.8,1661
0.008,3.49,2940,2004,99.71,1574
0.008,3.49,2940,2004,123.61,1470
0.008,3.49,2940,2004,201.17,1050
0.008,3.49,2940,2004,221.15,972
0.008,0.78,2940,2700,137.71,4947
0.008,0.78,2940,2706,149.85,4851
0.008,0.78,2940,2700,162.82,4716
0.008,0.78,2940,2700,172.93,4565
0.008,0.78,2940,2700,185,4424
0.008,0.78,2940,2706,195.14,4308
0.008,0.78,2940,2700,205.16,4173
0.008,0.78,2940,2706,217.24,4032
0.008,1.57,2940,2673,203.17,2828
0.008,0.78,2940,3195,137.71,5263
0.008,0.78,2940,3195,159.82,4947
0.008,0.78,2940,3195,168.81,4816
0.008,0.78,2940,3200,177.96,4660
0.008,0.78,2940,3206,189.97,4509
0.008,0.78,2940,3200,200.05,4374
0.008,0.78,2940,3195,210.24,4213
0.008,0.78,2940,3260,212.21,4238
0.008,1.57,2940,3191,170.87,3397
0.008,1.57,2940,3224,191.09,3136
0.008,1.57,2940,3191,199.16,3007
0.008,1.57,2940,3246,210.24,2901
0.008,1.57,2940,3224,220.29,2757
0.008,0.79,2940,3918,139.82,5391
0.008,0.79,2940,3994,149.85,5265
0.008,0.79,2940,3994,158.9,5165
0.008,0.79,2940,3966,193.12,4608
0.008,0.79,2940,3983,205.16,4433
0.008,1.57,2940,3989,189.97,3377
0.008,1.57,2940,3967,200.05,3240
0.008,1.57,2940,3989,210.24,3098
0.008,1.57,2940,4000,220.29,2959
0.008,0.78,2940,4966,205.16,4590
0.008,1.57,4900,1001,64.56,2466
0.008,1.57,4900,1007,75.57,2421
0.008,1.57,4900,1007,83.45,2393
0.008,1.57,4900,1001,93.47,2332
0.008,1.57,4900,1001,103.46,2274
0.008,1.57,4900,1001,124.54,2175
0.008,1.57,4900,1001,133.48,2127
0.008,1.57,4900,1001,152.66,2049
0.008,1.57,4900,996,162.62,2041
0.008,1.57,4900,996,170.69,1991
0.008,1.57,4900,1595,92.51,3098
0.008,1.57,4900,1595,109.63,2987
0.008,1.57,4900,1595,130.43,2840
0.008,1.57,4900,1595,139.58,2762
0.008,1.57,4900,1590,145.66,2719
0.008,1.57,4900,1601,158.69,2648
0.008,1.57,4900,1595,169.77,2542
0.008,1.57,4900,1590,180.75,2466
0.008,1.57,4900,1590,190.95,2385
0.008,1.57,4900,2190,133.48,3212
0.008,1.57,4900,2190,144.5,3124
0.008,1.57,4900,2212,167.7,2954
0.008,1.57,4900,2212,192.98,2767
0.008,1.57,4900,2206,205.05,2598
0.008,1.57,4900,2212,215.2,2504
0.008,1.57,4900,2201,226.29,2385
0.008,1.57,4900,2195,236.33,2302
0.008,1.57,4900,2206,244.32,2213
0.008,1.57,4900,2690,195.9,2901
0.008,1.57,4900,2690,205.05,2835
0.008,1.57,4900,2690,214.11,2719
0.008,1.57,4900,2668,224.35,2615
0.008,1.57,4900,2652,245.36,2350
0.008,1.57,4900,3185,199.93,3022
0.008,1.57,4900,3224,210.15,2921
0.008,1.57,4900,3185,220.23,2820
0.008,1.57,4900,3213,230.37,2681
0.008,1.57,4900,3185,242.23,2504
0.008,1.57,4900,4005,190.05,3313
0.008,1.57,4900,4005,199.93,3220
0.008,1.57,4900,3978,223.26,2926
0.008,1.57,4900,3934,252.38,2555
0.008,1.57,4900,5061,180.75,3528
0.008,1.57,4900,4957,190.05,3397
0.008,1.57,4900,4815,201.05,3253
0.008,1.57,4900,4951,210.15,3222
0.008,1.57,4900,4957,235.27,2845
0.008,1.57,4900,4951,251.35,2782
0.008,0.78,4900,1629,68.39,4662
0.008,0.78,4900,1611,80.59,4557
0.008,0.78,4900,1611,100.61,4430
0.008,0.78,4900,1611,110.58,4341
0.008,0.78,4900,1611,120.52,4257
0.008,0.78,4900,1640,130.43,4162
0.008,0.78,4900,1634,154.52,3988
0.008,0.78,4900,1623,169.77,3946
0.008,0.78,4900,1634,190.95,3794
0.008,0.78,4900,1597,183.94,3804
0.008,0.78,4900,1608,197.02,3642
0.008,0.78,4900,1619,208.16,3551
0.008,0.78,4900,1614,250.33,3358
0.008,0.78,4900,1614,241.39,3272
0.008,0.78,4900,2217,158.69,4235
0.008,0.78,4900,2201,168.62,4170
0.008,0.78,4900,2211,179.84,4033
0.008,0.78,4900,2233,225.21,3520
0.008,0.78,4900,2233,237.39,3373
0.008,0.78,4900,2211,109.63,4794
0.008,0.78,4900,2217,119.58,4668
0.008,0.78,4900,2206,130.43,4562
0.008,0.78,4900,2201,139.58,4471
0.008,0.78,4900,2217,149.63,4335
0.008,0.78,4900,2706,151.49,4596
0.008,0.78,4900,2695,174.81,4276
0.008,0.78,4900,2722,197.92,4038
0.008,0.78,4900,2738,230.37,3637
0.008,0.78,4900,3206,159.62,4645
0.008,0.78,4900,3206,170.69,4484
0.008,0.78,4900,3206,180.75,4293
0.008,0.78,4900,3206,192.98,4147
0.008,0.78,4900,3206,204.17,4002
0.008,0.78,4900,3222,220.23,3745
0.008,0.78,4900,3206,230.37,3635
0.008,0.78,4900,3211,241.39,3474
0.008,0.78,4900,3189,250.33,3494
0.008,0.78,4900,3966,157.53,5007
0.008,0.78,4900,3983,165.62,4821
0.008,0.78,4900,3983,177.79,4550
0.008,0.78,4900,3972,193.88,4147
0.008,0.78,4900,3961,208.16,3856
0.008,0.78,4900,3994,220.23,3685
0.008,0.78,4900,4010,229.3,3569
0.008,0.78,4900,4010,238.24,3499
0.008,0.78,4900,5031,228.23,3685
0.008,3.49,4900,999,92.51,1140
0.008,3.49,4900,999,119.58,1082
0.008,3.49,4900,999,140.52,1027
0.008,3.49,4900,999,165.62,972
0.008,3.49,4900,999,185.98,926
0.008,3.49,4900,999,212.13,857
0.008,3.49,4900,999,233.36,735
0.008,3.49,4900,2004,75.57,1811
0.008,3.49,4900,2004,90.61,1748
0.008,3.49,4900,2004,116.5,1632
0.008,3.49,4900,2004,135.6,1539
0.008,3.49,4900,2004,169.77,1401
0.008,3.49,4900,2004,190.05,1308
0.008,3.49,4900,2004,255.23,967
0.008,1.57,4900,1001,181.89,1937
0.008,1.57,4900,1001,190.95,1889
0.008,1.57,4900,1001,212.13,1793
0.008,1.57,4900,1007,240.34,1667
0.008,1.57,4900,1007,253.2,1588
0.008,2.51,4900,996,147.53,1416
0.008,2.51,4900,996,165.62,1308
0.008,2.51,4900,990,188.92,1236
0.008,2.51,4900,990,199.93,1191
0.008,2.51,4900,996,211.25,1155
0.008,2.51,4900,996,221.31,1126
0.008,2.51,4900,990,231.23,1077
0.008,2.51,4900,996,241.39,1046
0.008,0.79,4900,977,63.37,3809
0.008,0.79,4900,983,74.61,3772
0.008,0.79,4900,983,84.65,3741
0.008,0.79,4900,989,104.65,3633
0.008,0.79,4900,989,124.54,3545
0.008,0.79,4900,989,134.42,3472
0.008,0.79,4900,989,143.56,3436
0.008,0.79,4900,983,164.7,3312
0.008,0.79,4900,983,184.84,3188
0.008,0.79,4900,983,195,3126
0.008,0.79,4900,983,216.08,3012
0.008,0.79,4900,983,226.29,2939
0.008,0.79,4900,983,238.24,2877
0.008,0.79,4900,983,246.4,2779
0.008,1.97,4900,1601,173.67,2107
0.008,1.97,4900,1568,182.8,1991
0.008,1.97,4900,1568,195.9,1924
0.008,1.97,4900,1579,207.05,1855
0.008,1.97,4900,1568,218.26,1791
0.008,1.97,4900,1573,227.37,1730
0.008,1.97,4900,2179,216.08,2031
0.008,1.97,4900,2162,225.21,1958
0.008,1.97,4900,2195,235.27,1855
0.008,1.97,4900,2201,243.28,1801
0.008,1.97,4900,2217,250.33,1755
0.008,6.05,4900,1597,129.48,789
0.008,6.05,4900,1603,150.56,747
0.008,6.05,4900,1608,169.77,713
0.008,6.05,4900,1603,190.95,669
0.008,1.97,4900,1573,244.32,1617
0.00384,1.55,4900,3960,231.23,1858
0.00384,0.8,7850,3936,211.63,3052
0.00384,0.8,7850,4056,229.97,2834
0.00384,0.8,7850,4008,250.07,2740
0.00384,0.8,7850,3864,260.12,2616
0.00384,1.55,7850,4008,247.99,1703
0.00384,1.55,7850,3960,260.12,1569
0.00384,0.8,7850,5015,175.08,4131
0.00384,0.8,7850,4991,204.52,3591
0.00384,0.8,7850,5015,214.72,3446
0.00384,0.8,7850,5015,223.91,3249
0.00384,0.8,7850,4991,235.97,3124
0.00384,0.8,7850,5015,255.02,2958
0.00384,0.8,7850,4991,264.15,2927
0.00384,0.8,7850,7463,190.36,4993
0.00384,0.8,7850,7463,199.6,4702
0.00384,0.8,7850,7439,215.82,4193
0.00384,0.8,7850,7463,265.15,3571
0.00384,0.8,7850,7463,256.05,3488
0.00384,0.8,7850,7463,266.15,3508
0.00607,0.79,7850,1604,215.82,2617
0.00607,0.79,7850,1594,225.86,2603
0.00607,0.79,7850,1604,234.05,2524
0.00607,0.79,7850,1604,245.07,2431
0.00607,0.79,7850,1604,255.02,2332
0.00607,0.79,7850,1604,265.15,2252
0.00607,0.79,7850,1604,285.09,2060
0.00607,0.79,7850,2209,174.16,3332
0.00607,0.79,7850,2199,180.35,3273
0.00607,0.79,7850,2199,192.39,3160
0.00607,0.79,7850,2199,201.61,3061
0.00607,0.79,7850,2199,213.61,2941
0.00607,0.79,7850,2209,222.82,2895
0.00607,0.79,7850,2209,242.12,2676
0.00607,0.79,7850,2209,252.14,2625
0.00607,0.79,7850,2209,262.14,2484
0.00607,0.79,7850,2699,160.08,3829
0.00607,0.79,7850,2689,171.17,3683
0.00607,0.79,7850,2699,194.42,3412
0.00607,0.79,7850,2699,204.52,3266
0.00607,0.79,7850,2689,222.82,3001
0.00607,0.79,7850,2699,230.83,2940
0.00607,0.79,7850,2689,242.96,2809
0.00607,0.79,7850,2708,254.2,2683
0.00607,0.79,7850,2699,266.15,2497
0.00607,0.79,7850,2708,276.16,2345
0.00607,0.79,7850,2699,288.06,2266
0.00607,0.79,7850,3208,183.32,3822
0.00607,0.79,7850,3217,194.42,3663
0.00607,0.79,7850,3208,206.52,3458
0.00607,0.79,7850,3227,216.7,3299
0.00607,0.79,7850,3208,228.89,3087
0.00607,0.79,7850,3208,238.95,2928
0.00607,0.79,7850,3208,249.03,2802
0.00607,0.79,7850,3217,275.19,2478
0.00607,0.79,7850,3237,283.03,2398
0.00607,0.79,7850,4005,198.48,3875
0.00607,0.79,7850,4014,209.63,3696
0.00607,0.79,7850,4005,222.82,3412
0.00607,0.79,7850,3995,231.91,3213
0.00607,0.79,7850,4014,245.07,3008
0.00607,0.79,7850,4005,256.05,2782
0.00607,0.79,7850,4014,268.14,2617
0.00607,0.79,7850,4014,287.13,2385
0.00607,0.79,7850,4984,178.29,4889
0.00607,0.79,7850,4965,189.45,4670
0.00607,0.79,7850,4984,199.6,4438
0.00607,0.79,7850,5004,209.63,4240
0.00607,0.79,7850,5004,219.77,3920
0.00607,0.79,7850,4965,225.86,3789
0.00607,0.79,7850,5004,229.97,3696
0.00607,0.79,7850,5004,234.9,3471
0.00607,0.79,7850,4965,240.01,3465
0.00607,0.79,7850,4965,252.14,3054
0.00607,0.79,7850,5004,255.02,2959
0.00607,0.79,7850,5052,262.14,2835
0.00607,0.79,7850,4965,266.15,2703
0.00607,0.79,7850,5013,273.05,2584
0.00607,0.79,7850,5004,276.16,2451
0.00607,0.79,7850,5032,285.09,2378
0.00607,0.79,7850,7491,229.97,4849
0.00607,0.79,7850,7491,242.96,4273
0.00607,0.79,7850,7443,265.15,3345
0.00607,0.79,7850,7443,277.12,2849
0.008,0.78,7850,1000,194.42,2644
0.008,0.78,7850,994,204.52,2584
0.008,0.78,7850,1000,214.72,2549
0.008,0.78,7850,994,224.78,2488
0.008,0.78,7850,994,264.15,2313
0.008,0.79,7850,995,53.6,3322
0.008,0.79,7850,1000,64.64,3276
0.008,0.79,7850,995,74.7,3193
0.008,0.79,7850,977,83.79,3162
0.008,0.79,7850,995,103.83,3012
0.008,0.79,7850,995,112.86,2970
0.008,0.79,7850,995,124.7,2950
0.008,0.79,7850,995,133.9,2882
0.008,0.79,7850,983,143.76,2862
0.008,0.79,7850,995,155.9,2810
0.008,0.79,7850,995,164.02,2784
0.008,0.79,7850,989,176.23,2686
0.008,0.79,7850,995,186.27,2644
0.008,0.79,7850,995,195.55,2618
0.008,0.79,7850,983,203.63,2577
0.008,0.79,7850,983,217.79,2499
0.008,0.79,7850,995,229.97,2437
0.008,0.79,7850,995,241.07,2318
0.008,0.79,7850,983,270.11,2184
0.008,0.79,7850,995,280.19,2137
0.008,1.57,7850,1001,163.09,1849
0.008,1.57,7850,1053,163.09,1901
0.008,1.57,7850,1064,174.16,1901
0.008,1.57,7850,1059,193.52,1844
0.008,1.57,7850,1064,189.45,1805
0.008,1.57,7850,1001,211.63,1662
0.008,1.57,7850,1001,222.82,1601
0.008,1.57,7850,1007,231.91,1553
0.008,1.57,7850,1001,244.02,1505
0.008,1.57,7850,1007,253.17,1437
0.008,1.57,7850,1001,262.14,1394
0.008,1.57,7850,1001,275.19,1320
0.008,1.57,7850,1023,284.15,1267
0.008,3.49,7850,999,103.83,1024
0.008,3.49,7850,999,128.71,972
0.008,3.49,7850,999,174.16,880
0.008,3.49,7850,999,151.94,910
0.008,3.49,7850,999,198.48,816
0.008,3.49,7850,999,219.77,770
0.008,3.49,7850,999,240.01,712
0.008,3.49,7850,1000,263.15,634
0.008,3.49,7850,993,283.03,544
0.008,0.78,7850,1599,68.71,4514
0.008,0.78,7850,1599,79.73,4362
0.008,0.78,7850,1599,90.72,4225
0.008,0.78,7850,1599,98.83,4136
0.008,0.78,7850,1594,109.77,3999
0.008,0.78,7850,1599,119.73,3867
0.008,0.78,7850,1599,129.89,3773
0.008,0.78,7850,1599,136.72,3683
0.008,0.78,7850,1594,148.91,3567
0.008,0.78,7850,1599,154.97,3462
0.008,0.78,7850,1599,169.1,3388
0.008,0.78,7850,1599,179.21,3262
0.008,0.78,7850,1599,200.49,3120
0.008,0.78,7850,1608,190.36,3226
0.008,0.78,7850,1614,208.75,3054
0.008,0.78,7850,1608,227.81,2871
0.008,0.78,7850,1608,240.01,2790
0.008,0.78,7850,1587,249.03,2673
0.008,0.78,7850,1581,283.03,2409
0.008,0.78,7850,1619,126.83,3901
0.008,0.78,7850,1608,137.9,3780
0.008,0.78,7850,1608,146.8,3689
0.008,0.78,7850,1608,157.06,3598
0.008,0.78,7850,1608,168.18,3457
0.008,0.78,7850,1603,179.21,3305
0.008,0.78,7850,1603,188.32,3225
0.008,1.57,7850,1595,144.93,2395
0.008,1.57,7850,1601,154.97,2340
0.008,1.57,7850,1601,174.16,2221
0.008,1.57,7850,1601,193.52,2117
0.008,1.57,7850,1595,224.78,1970
0.008,1.57,7850,1595,234.05,1889
0.008,1.57,7850,1606,275.19,1540
0.008,1.57,7850,1537,285.09,1437
0.008,2.54,7850,1595,154.04,1646
0.008,2.54,7850,1595,165.18,1560
0.008,2.54,7850,1595,179.21,1532
0.008,2.54,7850,1595,180.35,1509
0.008,2.54,7850,1595,187.41,1481
0.008,2.54,7850,1595,197.58,1424
0.008,2.54,7850,1595,208.75,1380
0.008,2.54,7850,1590,219.77,1299
0.008,2.54,7850,1590,229.97,1252
0.008,2.54,7850,1606,247.99,1160
0.008,2.54,7850,1595,259.11,1091
0.008,2.54,7850,1612,268.14,1019
0.008,2.54,7850,1595,280.19,966
0.008,2.54,7850,1606,288.06,924
0.008,6.05,7850,1580,186.27,668
0.008,6.05,7850,1608,208.75,635
0.008,6.05,7850,1608,227.81,597
0.008,6.05,7850,1586,252.14,542
0.008,6.05,7850,1592,269.13,506
0.008,0.78,7850,2206,123.76,4591
0.008,0.78,7850,2222,133.9,4423
0.008,0.78,7850,2211,146.8,4266
0.008,0.78,7850,2206,170.02,3921
0.008,0.78,7850,2217,191.49,3541
0.008,0.78,7850,2206,215.82,3216
0.008,0.78,7850,2201,223.91,3125
0.008,1.57,7850,2206,213.61,2246
0.008,1.57,7850,2206,225.86,2168
0.008,1.57,7850,2206,232.98,2109
0.008,1.57,7850,2206,255.02,1930
0.008,1.57,7850,2206,264.15,1841
0.008,1.57,7850,2195,273.05,1755
0.008,1.57,7850,2195,284.15,1639
0.008,3.49,7850,1998,68.71,1777
0.008,3.49,7850,1998,93.82,1675
0.008,3.49,7850,1998,116.89,1580
0.008,3.49,7850,1998,140.95,1505
0.008,3.49,7850,1998,165.18,1380
0.008,3.49,7850,1998,187.41,1285
0.008,3.49,7850,1998,206.52,1192
0.008,3.49,7850,1998,223.91,1117
0.008,3.49,7850,1998,241.07,1039
0.008,3.49,7850,1998,260.12,961
0.008,3.49,7850,1998,286.02,819
0.008,0.78,7850,2690,172.1,4276
0.008,0.78,7850,2662,182.18,4099
0.008,0.78,7850,2662,194.42,3845
0.008,0.78,7850,2679,234.05,3160
0.008,0.78,7850,2679,246.11,3003
0.008,1.57,7850,2707,154.04,2952
0.008,1.57,7850,2707,164.02,2810
0.008,1.57,7850,2690,155.9,2742
0.008,1.57,7850,2718,194.42,2557
0.008,1.57,7850,2712,214.72,2355
0.008,1.57,7850,2707,224.78,2264
0.008,1.57,7850,2718,234.9,2223
0.008,1.57,7850,2707,246.11,2109
0.008,1.57,7850,2707,258.09,2001
0.008,1.57,7850,2729,266.15,1922
0.008,1.57,7850,2707,277.12,1813
0.008,1.57,7850,2712,286.02,1758
0.008,1.6,7850,2707,158.92,2813
0.008,1.6,7850,2690,169.1,2714
0.008,1.6,7850,2690,179.21,2627
0.008,1.6,7850,2718,190.36,2552
0.008,1.6,7850,2707,230.83,2136
0.008,1.6,7850,2707,240.01,2099
0.008,1.6,7850,2707,251.11,1999
0.008,1.6,7850,2589,280.19,1704
0.008,6.05,7850,2692,261.13,711
0.008,6.05,7850,2703,274.22,687
0.008,6.05,7850,2681,282.08,663
0.008,0.78,7850,3200,155.9,4961
0.008,0.78,7850,3195,169.1,4636
0.008,0.78,7850,3206,177.15,4530
0.008,0.78,7850,3211,189.45,4114
0.008,0.78,7850,3200,204.52,3941
0.008,0.78,7850,3211,229.97,3399
0.008,0.78,7850,3206,253.17,2988
0.008,1.57,7850,3239,158.92,3144
0.008,1.57,7850,3238,179.21,2914
0.008,1.57,7850,3239,199.6,2697
0.008,1.57,7850,3217,209.63,2569
0.008,1.57,7850,3217,218.89,2487
0.008,1.57,7850,3239,229.97,2403
0.008,1.57,7850,3239,250.07,2153
0.008,1.57,7850,3267,260.12,2061
0.008,1.57,7850,3267,270.11,1999
0.008,1.57,7850,3250,270.11,1976
0.008,1.57,7850,3239,280.19,1899
0.008,1.57,7850,3234,280.19,1879
0.008,1.57,7850,3191,184.23,2818
0.008,1.57,7850,3180,195.55,2658
0.008,1.57,7850,3191,206.52,2567
0.008,1.57,7850,3180,215.82,2466
0.008,1.57,7850,3180,225.86,2360
0.008,1.57,7850,3180,234.9,2276
0.008,1.57,7850,3191,246.11,2170
0.008,1.57,7850,3185,264.15,2006
0.008,1.57,7850,3163,285.09,1776
0.008,6.05,7850,3200,273.05,747
0.008,6.05,7850,3228,281.14,706
0.008,0.78,7850,3972,209.63,4208
0.008,0.78,7850,3994,221.73,3906
0.008,0.78,7850,3918,221.73,3846
0.008,0.78,7850,3972,230.83,3670
0.008,0.78,7850,3885,230.83,3630
0.008,0.78,7850,3912,242.12,3328
0.008,0.78,7850,4004,246.11,3217
0.008,0.78,7850,3966,258.09,3001
0.008,1.57,7850,4049,189.45,3104
0.008,1.57,7850,4088,208.75,2820
0.008,1.57,7850,4077,216.7,2702
0.008,1.57,7850,4055,224.78,2590
0.008,1.57,7850,4055,234.9,2416
0.008,1.57,7850,4066,245.07,2293
0.008,1.57,7850,4055,264.15,2078
0.008,1.57,7850,3987,286.02,1884
0.008,1.57,7850,4000,220.86,2585
0.008,1.57,7850,4011,230.83,2466
0.008,1.57,7850,4011,240.01,2357
0.008,1.57,7850,4000,280.19,1953
0.008,1.57,7850,4000,290.07,1854
0.008,0.78,7850,5026,211.63,4635
0.008,0.78,7850,4944,238.1,3846
0.008,0.78,7850,4999,265.15,2941
0.008,1.57,7850,4979,247.16,2413
0.008,1.57,7850,4990,267.14,2163
0.008,1.57,7850,4979,278.09,2023
0.008,1.57,7850,4979,287.13,2011
0.008,1.57,7850,4968,221.73,2845
0.008,1.57,7850,4979,224.78,2767
0.008,1.57,7850,4995,237.04,2517
0.008,1.57,7850,4979,242.12,2403
0.008,1.57,7850,4995,245.07,2367
0.008,1.57,7850,4962,255.02,2200
0.008,1.57,7850,5012,260.12,2132
0.008,1.57,7850,4995,265.15,2074
0.008,1.57,7850,5061,276.16,1965
0.008,1.57,7850,5089,280.19,1980
0.008,1.57,7850,5034,288.06,1859
0.00384,0.8,9800,3984,212.2,3062
0.00384,0.8,9800,4056,223.2,2906
0.00384,0.8,9800,3912,234.46,2699
0.00384,0.8,9800,3960,245.52,2595
0.00384,0.8,9800,3888,267.89,2304
0.00384,1.55,9800,3984,203.07,2013
0.00384,1.55,9800,3960,216.18,1879
0.00384,1.55,9800,3936,225.38,1799
0.00384,1.55,9800,3984,249.71,1622
0.00384,1.55,9800,3960,271.87,1446
0.00384,1.55,9800,3960,281.97,1376
0.00384,1.55,9800,4008,279.86,1376
0.00384,0.8,9800,5015,209.09,3550
0.00384,0.8,9800,5015,230.37,3145
0.00384,0.8,9800,4991,239.59,3041
0.00384,0.8,9800,5015,249.71,2844
0.00384,0.8,9800,5015,282.92,2481
0.00384,0.8,9800,7463,203.96,4671
0.00384,0.8,9800,7463,214.19,4453
0.00384,0.8,9800,7463,226.25,4100
0.00384,0.8,9800,7487,245.52,3581
0.00384,0.8,9800,7463,254.69,3249
0.00607,0.79,9800,999,292.98,1491
0.00607,0.79,9800,1613,234.46,2305
0.00607,0.79,9800,1585,254.69,2107
0.00607,0.79,9800,1604,269.88,1994
0.00607,0.79,9800,1594,279.86,1901
0.00607,0.79,9800,1613,289.86,1795
0.00607,0.79,9800,2209,180.64,3173
0.00607,0.79,9800,2209,193.84,2988
0.00607,0.79,9800,2209,217.28,2729
0.00607,0.79,9800,2209,237.46,2537
0.00607,0.79,9800,2209,248.66,2385
0.00607,0.79,9800,2199,258.8,2272
0.00607,0.79,9800,2199,277.93,2080
0.00607,0.79,9800,2699,147.05,4120
0.00607,0.79,9800,2680,158.26,3908
0.00607,0.79,9800,2708,168.46,3809
0.00607,0.79,9800,2699,179.5,3551
0.00607,0.79,9800,2680,188.63,3412
0.00607,0.79,9800,2699,198.8,3279
0.00607,0.79,9800,2689,209.09,3140
0.00607,0.79,9800,2718,219.26,2981
0.00607,0.79,9800,2708,229.29,2822
0.00607,0.79,9800,2708,250.75,2511
0.00607,0.79,9800,2708,269.88,2246
0.00607,0.79,9800,2699,277.93,2133
0.00607,0.79,9800,2660,289.86,2007
0.00607,0.79,9800,2708,301.89,1802
0.00607,0.79,9800,3198,178.58,3928
0.00607,0.79,9800,3198,188.63,3802
0.00607,0.79,9800,3208,199.93,3591
0.00607,0.79,9800,3208,209.98,3332
0.00607,0.79,9800,3208,219.26,3233
0.00607,0.79,9800,3198,229.29,3041
0.00607,0.79,9800,3217,239.59,2862
0.00607,0.79,9800,3208,249.71,2709
0.00607,0.79,9800,3198,260.84,2491
0.00607,0.79,9800,3208,269.88,2378
0.00607,0.79,9800,3189,279.86,2239
0.00607,0.79,9800,3208,289.86,2034
0.00607,0.79,9800,3995,190.67,4452
0.00607,0.79,9800,4005,189.76,4293
0.00607,0.79,9800,3995,201.95,4054
0.00607,0.79,9800,4005,214.19,3756
0.00607,0.79,9800,4014,224.29,3538
0.00607,0.79,9800,4024,234.46,3312
0.00607,0.79,9800,4024,247.62,3034
0.00607,0.79,9800,4014,258.8,2749
0.00607,0.79,9800,4043,289.86,2047
0.00607,0.79,9800,4005,297.85,1934
0.00607,0.79,9800,5032,209.98,4458
0.00607,0.79,9800,5004,219.26,4253
0.00607,0.79,9800,5004,231.45,3948
0.00607,0.79,9800,5004,237.46,3809
0.00607,0.79,9800,5042,240.44,3650
0.00607,0.79,9800,5004,249.71,3398
0.00607,0.79,9800,4994,269.88,2835
0.00607,0.79,9800,5004,269.88,2769
0.00607,0.79,9800,4994,279.86,2577
0.00607,0.79,9800,5004,279.86,2458
0.00607,0.79,9800,5013,289.86,2279
0.00607,0.79,9800,4984,289.86,2146
0.00607,0.79,9800,5013,299.79,1967
0.00607,0.79,9800,4975,299.79,1967
0.00607,0.79,9800,7568,239.59,4962
0.00607,0.79,9800,7453,250.75,4677
0.00607,0.79,9800,7571,259.82,4328
0.00607,0.79,9800,7568,270.88,3756
0.00607,0.79,9800,7405,289.86,2968
0.008,0.78,9800,1005,78.95,3303
0.008,0.78,9800,1005,207.98,2257
0.008,0.78,9800,1027,219.26,2217
0.008,0.78,9800,1000,229.29,2177
0.008,0.78,9800,1000,269.88,1900
0.008,0.78,9800,1000,279.86,1805
0.008,0.79,9800,983,61.68,3198
0.008,0.79,9800,983,72.96,3105
0.008,0.79,9800,983,81.82,3064
0.008,0.79,9800,989,91.87,2960
0.008,0.79,9800,989,97.83,2924
0.008,0.79,9800,995,116.87,2784
0.008,0.79,9800,989,138.13,2613
0.008,0.79,9800,995,148.22,2608
0.008,0.79,9800,1000,156.16,2567
0.008,0.79,9800,1000,163.36,2499
0.008,0.79,9800,995,173.53,2411
0.008,0.79,9800,995,199.93,2261
0.008,0.79,9800,995,203.96,2256
0.008,0.79,9800,1000,219.26,2184
0.008,0.79,9800,1000,227.34,2132
0.008,0.79,9800,995,237.46,2060
0.008,0.79,9800,995,247.62,2018
0.008,0.79,9800,983,267.89,1894
0.008,0.79,9800,989,281.97,1791
0.008,1.57,9800,1007,158.26,1639
0.008,1.57,9800,996,167.3,1631
0.008,1.57,9800,1001,178.58,1588
0.008,1.57,9800,990,190.67,1548
0.008,1.57,9800,1001,198.8,1505
0.008,1.57,9800,996,207.09,1480
0.008,1.57,9800,1007,219.26,1421
0.008,1.57,9800,1001,229.29,1353
0.008,1.57,9800,1007,240.44,1298
0.008,1.57,9800,996,250.75,1247
0.008,1.57,9800,1012,276.96,1118
0.008,1.57,9800,1001,301.89,994
0.008,5.03,9800,1001,128,647
0.008,5.03,9800,1001,141.19,626
0.008,5.03,9800,1017,154.3,609
0.008,5.03,9800,1001,167.3,585
0.008,5.03,9800,1001,179.5,564
0.008,5.03,9800,1001,193.84,542
0.008,5.03,9800,1001,205.98,521
0.008,5.03,9800,1001,220.14,484
0.008,5.03,9800,1001,263.88,400
0.008,5.03,9800,1001,278.89,384
0.008,5.03,9800,1001,294.98,345
0.008,0.78,9800,1599,118.06,4067
0.008,0.78,9800,1599,118.06,3957
0.008,0.78,9800,1599,128,3851
0.008,0.78,9800,1599,139.08,3709
0.008,0.78,9800,1599,153.13,3520
0.008,0.78,9800,1599,161.28,3399
0.008,0.78,9800,1599,172.38,3273
0.008,0.78,9800,1599,183.62,3089
0.008,0.78,9800,1599,193.84,3025
0.008,0.78,9800,1599,203.96,2894
0.008,0.78,9800,1625,77.99,4395
0.008,0.78,9800,1619,89,4295
0.008,0.78,9800,1603,127.05,3770
0.008,0.78,9800,1603,138.13,3709
0.008,0.78,9800,1603,149.16,3598
0.008,0.78,9800,1603,158.26,3497
0.008,0.78,9800,1603,168.46,3351
0.008,0.78,9800,1603,188.63,3129
0.008,0.78,9800,1619,104.03,4158
0.008,0.78,9800,1576,123.98,3946
0.008,0.78,9800,1576,134.13,3785
0.008,0.78,9800,1603,138.13,3745
0.008,0.78,9800,1597,159.19,3459
0.008,0.78,9800,1603,167.3,3368
0.008,0.78,9800,1597,168.46,3333
0.008,0.78,9800,1603,178.58,3162
0.008,0.78,9800,1603,187.72,3001
0.008,0.78,9800,1587,188.63,3011
0.008,0.97,9800,1590,239.59,2198
0.008,0.97,9800,1595,281.01,1912
0.008,0.97,9800,1590,288.94,1805
0.008,1.57,9800,1620,269.88,1467
0.008,1.57,9800,1620,281.01,1398
0.008,1.57,9800,1625,289.86,1317
0.008,1.57,9800,1620,303.79,1212
0.008,1.57,9800,1601,188.63,2023
0.008,1.57,9800,1601,198.8,1960
0.008,1.57,9800,1601,212.2,1884
0.008,1.57,9800,1601,223.2,1778
0.008,1.57,9800,1601,243.62,1642
0.008,1.57,9800,1601,253.65,1568
0.008,1.57,9800,1595,263.88,1490
0.008,1.57,9800,1595,273.83,1437
0.008,1.57,9800,1601,288.94,1391
0.008,1.57,9800,1601,64.8,2772
0.008,1.57,9800,1601,73.92,2727
0.008,1.57,9800,1601,92.82,2577
0.008,1.57,9800,1601,111.88,2433
0.008,1.57,9800,1573,119.95,2383
0.008,1.57,9800,1579,132.01,2289
0.008,1.57,9800,1590,144.01,2238
0.008,1.57,9800,1590,156.16,2163
0.008,1.57,9800,1579,168.46,2099
0.008,1.57,9800,1590,178.58,2051
0.008,2.44,9800,1590,109.03,1766
0.008,2.44,9800,1590,119.95,1714
0.008,2.44,9800,1590,128,1682
0.008,2.44,9800,1590,159.19,1552
0.008,2.44,9800,1595,178.58,1464
0.008,2.44,9800,1584,189.76,1412
0.008,2.44,9800,1579,209.09,1332
0.008,2.44,9800,1590,218.16,1280
0.008,2.44,9800,1579,229.29,1210
0.008,2.44,9800,1573,239.59,1167
0.008,2.44,9800,1584,249.71,1105
0.008,2.44,9800,1584,259.82,1040
0.008,2.44,9800,1573,270.88,960
0.008,2.44,9800,1590,290.97,871
0.008,2.44,9800,1584,299.79,786
0.008,0.78,9800,2217,115.92,4638
0.008,0.78,9800,2222,138.13,4325
0.008,0.78,9800,2211,144.01,4062
0.008,0.78,9800,2217,149.16,4189
0.008,0.78,9800,2211,158.26,4052
0.008,0.78,9800,2217,219.26,3038
0.008,0.78,9800,2222,245.52,2771
0.008,1.57,9800,2223,128,2825
0.008,1.57,9800,2234,138.13,2769
0.008,1.57,9800,2239,148.22,2659
0.008,1.57,9800,2239,158.26,2582
0.008,1.57,9800,2234,170.53,2467
0.008,1.57,9800,2223,180.64,2380
0.008,1.57,9800,2234,188.63,2278
0.008,1.57,9800,2234,207.09,2155
0.008,1.57,9800,2234,219.26,2032
0.008,1.57,9800,2223,238.53,1905
0.008,1.57,9800,2239,259.82,1690
0.008,1.57,9800,2223,295.88,1424
0.008,1.57,9800,2190,123.03,2825
0.008,1.57,9800,2195,132.95,2732
0.008,1.57,9800,2190,142.13,2658
0.008,1.57,9800,2190,153.13,2567
0.008,1.57,9800,2190,164.29,2453
0.008,1.57,9800,2190,163.36,2466
0.008,1.57,9800,2190,184.76,2271
0.008,1.57,9800,2195,193.84,2195
0.008,1.57,9800,2195,203.96,2163
0.008,1.57,9800,2201,214.19,2066
0.008,1.57,9800,2201,235.54,1884
0.008,1.57,9800,2190,247.62,1801
0.008,1.57,9800,2190,256.75,1705
0.008,1.57,9800,2201,266.89,1631
0.008,1.57,9800,2201,278.89,1535
0.008,1.57,9800,2201,289.86,1429
0.008,1.57,9800,2201,299.79,1303
0.008,2.44,9800,2195,182.7,1665
0.008,2.44,9800,2190,188.63,1643
0.008,2.44,9800,2190,198.8,1573
0.008,2.44,9800,2190,209.09,1548
0.008,2.44,9800,2190,219.26,1492
0.008,2.44,9800,2179,241.5,1365
0.008,2.44,9800,2190,260.84,1236
0.008,2.44,9800,2190,270.88,1160
0.008,2.44,9800,2179,281.97,1071
0.008,2.44,9800,2190,281.97,1071
0.008,3.49,9810,2004,124.08,1449
0.008,3.49,9810,2004,140.12,1395
0.008,3.49,9810,2004,161.38,1329
0.008,3.49,9810,2004,200.92,1170
0.008,3.49,9810,2004,223.3,1083
0.008,3.49,9810,2004,244.55,998
0.008,3.49,9810,2004,280.9,807
0.008,3.49,9810,2004,302.84,691
0.008,3.49,9810,2004,81.92,1603
0.008,3.49,9810,2004,94.83,1551
0.008,3.49,9810,2004,133.06,1424
0.008,3.49,9810,2004,151.13,1348
0.008,3.49,9810,2004,172.48,1262
0.008,3.49,9810,2004,208.97,1111
0.008,3.49,9810,2004,229.38,1024
0.008,3.49,9810,2004,248.54,911
0.008,3.49,9810,2004,264.77,845
0.008,3.49,9810,2004,284.9,764
0.008,3.49,9810,2004,300.92,648
0.008,0.78,9800,2684,187.72,4109
0.008,0.78,9800,2695,199.93,3845
0.008,0.78,9800,2673,215.08,3530
0.008,0.78,9800,2695,248.66,2972
0.008,1.57,9800,2690,128,3162
0.008,1.57,9800,2679,136.96,3055
0.008,1.57,9800,2679,148.22,2931
0.008,1.57,9800,2690,158.26,2815
0.008,1.57,9800,2696,168.46,2764
0.008,1.57,9800,2718,178.58,2668
0.008,1.57,9800,2696,209.09,2276
0.008,1.57,9800,2696,219.26,2175
0.008,1.57,9800,2718,229.29,2077
0.008,1.57,9800,2696,239.59,1975
0.008,1.57,9800,2696,269.88,1692
0.008,1.57,9800,2690,279.86,1604
0.008,1.57,9800,2685,288.94,1513
0.008,1.57,9800,2718,299.79,1260
0.008,1.6,9800,2668,180.64,2552
0.008,1.6,9800,2701,185.67,2490
0.008,1.6,9800,2685,193.84,2402
0.008,1.6,9800,2679,205.08,2266
0.008,1.6,9800,2679,215.08,2173
0.008,1.6,9800,2679,224.29,2061
0.008,1.6,9800,2685,246.57,1892
0.008,1.6,9800,2696,299.79,1384
0.008,2.54,9800,2707,207.09,1657
0.008,2.54,9800,2707,227.34,1516
0.008,2.54,9800,2718,239.59,1451
0.008,2.54,9800,2718,246.57,1401
0.008,2.54,9800,2718,267.89,1243
0.008,2.54,9800,2718,267.89,1243
0.008,2.54,9800,2740,297.85,1016
0.008,5.03,9800,2715,229.29,890
0.008,5.03,9800,2693,229.29,886
0.008,5.03,9800,2742,238.53,848
0.008,5.03,9800,2720,251.58,791
0.008,5.03,9800,2693,249.71,791
0.008,5.03,9800,2698,259.82,740
0.008,5.03,9800,2682,270.88,701
0.008,5.03,9800,2720,276.96,678
0.008,5.03,9800,2698,288,622
0.008,5.03,9800,2709,288.94,613
0.008,0.78,9800,3233,207.09,4149
0.008,0.78,9800,3179,214.19,3987
0.008,0.78,9800,3179,224.29,3713
0.008,0.78,9800,3195,256.75,2972
0.008,1.57,9800,3234,209.09,2523
0.008,1.57,9800,3250,219.26,2416
0.008,1.57,9800,3250,242.56,2109
0.008,1.57,9800,3250,249.71,2040
0.008,1.57,9800,3250,279.86,1636
0.008,1.57,9800,3261,294.98,1516
0.008,1.57,9800,3185,178.58,2876
0.008,1.57,9800,3185,188.63,2719
0.008,1.57,9800,3169,207.98,2479
0.008,1.57,9800,3169,220.14,2324
0.008,1.57,9800,3196,223.2,2314
0.008,1.57,9800,3169,229.29,2228
0.008,1.57,9800,3180,270.88,1725
0.008,1.57,9800,3191,279.86,1626
0.008,1.57,9800,3169,288.94,1550
0.008,5.03,9800,3201,248.66,913
0.008,5.03,9800,3201,258.8,863
0.008,5.03,9800,3201,267.89,819
0.008,5.03,9800,3207,281.01,760
0.008,0.78,9800,3988,222.33,4163
0.008,0.78,9800,4004,257.77,3177
0.008,0.97,9800,3989,259.82,2804
0.008,0.97,9800,3994,269.88,2600
0.008,0.97,9800,3978,283.87,2162
0.008,0.97,9800,4005,292.98,1985
0.008,1.57,9800,4015,219.26,2820
0.008,1.57,9800,4010,229.29,2608
0.008,1.57,9800,3999,250.75,2193
0.008,1.57,9800,3999,259.82,2045
0.008,1.57,9800,4032,281.01,1733
0.008,1.57,9800,4004,299.79,1498
0.008,1.57,9800,4043,198.8,3073
0.008,1.57,9800,3983,229.29,2582
0.008,1.57,9800,3994,250.75,2188
0.008,1.57,9800,3983,242.56,2340
0.008,1.57,9800,4011,269.88,1905
0.008,1.57,9800,3994,279.86,1748
0.008,1.57,9800,3989,289.86,1619
0.008,1.57,9800,4000,299.79,1480
0.008,2.54,9800,3983,259.82,1527
0.008,2.54,9800,4016,279.86,1409
0.008,2.54,9800,4016,299.79,1219
0.008,2.44,9800,3967,261.85,1501
0.008,2.44,9800,4005,271.87,1451
0.008,2.44,9800,3967,289.86,1347
0.008,2.44,9800,3950,302.76,1269
0.008,2.23,9800,4071,183.62,2534
0.008,2.23,9800,4071,203.96,2283
0.008,2.23,9800,4088,209.09,2236
0.008,2.23,9800,4060,249.71,1707
0.008,2.23,9800,4055,259.82,1591
0.008,2.23,9800,4049,269.88,1519
0.008,2.23,9800,4066,289.86,1409
0.008,2.23,9800,4066,302.76,1353
0.008,0.69,9800,5001,233.39,4725
0.008,0.69,9800,5046,239.59,4390
0.008,0.69,9800,5029,247.62,4153
0.008,0.69,9800,5018,258.8,3893
0.008,0.69,9800,4996,271.87,3505
0.008,0.69,9800,4990,277.93,3332
0.008,0.78,9800,5021,244.67,4057
0.008,0.78,9800,4988,264.89,3318
0.008,0.78,9800,4988,275.98,2986
0.008,1.57,9800,5006,220.14,3225
0.008,1.57,9800,4995,241.5,2744
0.008,1.57,9800,4979,269.88,2102
0.008,1.57,9800,4979,279.86,1915
0.008,1.57,9800,4979,288.94,1765
0.008,1.6,9800,4990,299.79,1561
0.011,6,9800,1009,97.83,778
0.011,6,9800,1009,107.84,755
0.011,6,9800,988,118.06,729
0.011,6,9800,1024,128,718
0.011,6,9800,1009,138.13,697
0.011,6,9800,1003,148.22,666
0.011,6,9800,980,158.26,649
0.011,6,9800,977,168.46,628
0.011,6,9800,994,198.8,562
0.011,6,9800,959,209.09,538
0.011,6,9800,997,219.26,523
0.011,6,9800,948,229.29,495
0.011,6,9800,968,239.59,466
0.011,6,9800,980,249.71,445
0.011,6,9800,974,249.71,473
0.011,6,9800,988,249.71,472
0.011,6,9800,1000,249.71,442
0.011,6,9800,988,249.71,439
0.011,6,9800,994,259.82,413
0.011,6,9800,1000,259.82,418
0.011,6,9800,983,269.88,386
0.011,6,9800,997,269.88,389
0.011,6,9800,977,279.86,366
0.011,6,9800,971,289.86,338
0.011,6,9800,980,299.79,320
0.011,6,9800,1579,198.8,738
0.011,6,9800,1573,219.26,677
0.011,6,9800,1565,229.29,646
0.011,6,9800,1603,249.71,581
0.011,6,9800,1603,249.71,590
0.011,6,9800,1585,259.82,549
0.011,6,9800,1576,259.82,553
0.011,6,9800,1582,269.88,510
0.011,6,9800,1585,269.88,526
0.011,6,9800,1594,269.88,526
0.011,6,9800,1585,279.86,476
0.011,6,9800,1603,279.86,476
0.011,6,9800,1591,289.86,437
0.011,6,9800,1582,299.79,401
0.011,6,9800,2149,209.98,895
0.011,6,9800,2123,239.59,779
0.011,6,9800,2296,249.71,808
0.011,6,9800,2149,259.82,689
0.011,6,9800,2138,269.88,649
0.011,6,9800,2296,269.88,715
0.011,6,9800,2126,279.86,602
0.011,6,9800,2111,299.79,496
0.011,6,9800,2705,259.82,852
0.011,6,9800,2711,269.88,813
0.011,6,9800,2702,279.86,757
0.011,6,9800,2720,289.86,716
0.011,6,9800,3138,269.88,946
0.011,6,9800,3117,279.86,857
0.011,6,9800,3711,299.79,879
0.00384,0.8,12750,4008,219.31,2917
0.00384,0.8,12750,4008,229.6,2792
0.00384,0.8,12750,4008,239.74,2709
0.00384,0.8,12750,4008,260.1,2408
0.00384,0.8,12750,3960,270.26,2242
0.00384,0.8,12750,3960,290.66,1951
0.00384,0.8,12750,4008,303.77,1816
0.00384,1.55,12750,3960,279.56,1360
0.00384,1.55,12750,3960,282.47,1355
0.00384,1.55,12750,3984,282.47,1322
0.00384,1.55,12750,4008,292.71,1226
0.00384,1.55,12750,4008,294.75,1248
0.00384,1.55,12750,4008,301.82,1146
0.00384,1.55,12750,3984,303.77,1119
0.00384,1.55,12750,3984,310.68,1065
0.00384,0.8,12750,5015,238.67,3166
0.00384,0.8,12750,5015,250.97,2979
0.00384,0.8,12750,5015,265.21,2699
0.00384,0.8,12750,5015,277.4,2522
0.00384,0.8,12750,4991,286.5,2325
0.00384,0.8,12750,4967,300.75,2138
0.00384,0.8,12750,4943,310.68,1993
0.00384,0.8,12750,7487,265.21,3674
0.00384,0.8,12750,7487,276.42,3323
0.00607,0.79,12750,1008,279.56,1325
0.00607,0.79,12750,1008,292.71,1245
0.00607,0.79,12750,1008,303.77,1153
0.00607,0.79,12750,1604,227.65,2160
0.00607,0.79,12750,1604,239.74,2027
0.00607,0.79,12750,1604,258.04,1855
0.00607,0.79,12750,1604,268.25,1769
0.00607,0.79,12750,1604,280.53,1616
0.00607,0.79,12750,1604,290.66,1544
0.00607,0.79,12750,1604,299.67,1424
0.00607,0.79,12750,1604,310.68,1305
0.00607,0.79,12750,2209,172.5,3206
0.00607,0.79,12750,2209,179.64,3186
0.00607,0.79,12750,2199,209.1,2829
0.00607,0.79,12750,2199,219.31,2676
0.00607,0.79,12750,2209,239.74,2411
0.00607,0.79,12750,2199,250.97,2272
0.00607,0.79,12750,2209,269.25,2020
0.00607,0.79,12750,2209,279.56,1895
0.00607,0.79,12750,2199,290.66,1689
0.00607,0.79,12750,2209,300.75,1570
0.00607,0.79,12750,2199,310.68,1418
0.00607,0.79,12750,2199,320.44,1298
0.00607,0.79,12750,2708,177.57,3657
0.00607,0.79,12750,2708,188.79,3551
0.00607,0.79,12750,2708,209.1,3206
0.00607,0.79,12750,2708,221.51,3087
0.00607,0.79,12750,2708,249.92,2603
0.00607,0.79,12750,2708,260.1,2444
0.00607,0.79,12750,2708,270.26,2252
0.00607,0.79,12750,2708,290.66,1895
0.00607,0.79,12750,2708,301.82,1696
0.00607,0.79,12750,2708,310.68,1563
0.00607,0.79,12750,3208,199,3670
0.00607,0.79,12750,3198,219.31,3365
0.00607,0.79,12750,3198,229.6,3226
0.00607,0.79,12750,3208,239.74,3008
0.00607,0.79,12750,3198,250.97,2802
0.00607,0.79,12750,3189,281.5,2146
0.00607,0.79,12750,3179,290.66,2020
0.00607,0.79,12750,3198,300.75,1795
0.00607,0.79,12750,3169,320.44,1418
0.00607,0.79,12750,4053,229.6,3776
0.00607,0.79,12750,4053,239.74,3630
0.00607,0.79,12750,4053,248.87,3445
0.00607,0.79,12750,4053,310.68,1881
0.00607,0.79,12750,4053,320.44,1623
0.00607,0.79,12750,4946,248.87,3922
0.00607,0.79,12750,5023,260.1,3617
0.00607,0.79,12750,5013,268.25,3471
0.00607,0.79,12750,4965,280.53,3147
0.00607,0.79,12750,4936,300.75,2444
0.00607,0.79,12750,4936,321.37,1842
0.00607,0.79,12750,7539,280.53,4472
0.00607,0.79,12750,7539,271.26,4670
0.00607,0.79,12750,7501,292.71,3875
0.00607,0.79,12750,7395,300.75,3511
0.008,0.78,12750,1000,257.01,1643
0.008,0.78,12750,1000,273.45,1496
0.008,0.78,12750,1000,286.5,1380
0.008,0.78,12750,1005,300.75,1288
0.008,0.78,12750,994,310.68,1202
0.008,0.79,12750,1000,73.63,2815
0.008,0.79,12750,995,82.74,2836
0.008,0.79,12750,995,92.8,2706
0.008,0.79,12750,995,107.84,2613
0.008,0.79,12750,989,115.94,2515
0.008,0.79,12750,995,137.95,2422
0.008,0.79,12750,995,148.06,2391
0.008,0.79,12750,989,157.18,2287
0.008,0.79,12750,989,168.34,2189
0.008,0.79,12750,989,179.64,2137
0.008,0.79,12750,989,190.84,2054
0.008,0.79,12750,989,199.9,2018
0.008,0.79,12750,989,208.21,1951
0.008,0.79,12750,989,230.69,1801
0.008,0.79,12750,989,249.92,1671
0.008,0.79,12750,995,258.04,1594
0.008,0.79,12750,989,272.46,1485
0.008,0.79,12750,1000,280.53,1439
0.008,1.57,12750,996,188.79,1341
0.008,1.57,12750,1001,199,1295
0.008,1.57,12750,996,206.2,1267
0.008,1.57,12750,996,209.1,1262
0.008,1.57,12750,996,219.31,1219
0.008,1.57,12750,1001,228.52,1171
0.008,1.57,12750,1007,221.51,1199
0.008,1.57,12750,996,229.6,1151
0.008,1.57,12750,1007,238.67,1120
0.008,1.57,12750,1007,239.74,1118
0.008,1.57,12750,1007,249.92,1067
0.008,1.57,12750,1001,252.02,1055
0.008,1.57,12750,1007,254.1,1052
0.008,1.57,12750,1001,260.1,1027
0.008,1.57,12750,1007,268.25,986
0.008,1.57,12750,1007,290.66,883
0.008,1.57,12750,1001,301.82,835
0.008,1.97,12750,996,233.72,950
0.008,1.97,12750,1001,244.86,901
0.008,3.49,12750,999,82.74,909
0.008,3.49,12750,1001,97.82,880
0.008,3.49,12750,999,149,770
0.008,3.49,12750,999,163.24,741
0.008,3.49,12750,1001,201.03,668
0.008,3.49,12750,999,244.86,576
0.008,3.49,12750,999,262.16,518
0.008,3.49,12750,1002,282.47,475
0.008,3.49,12750,1001,302.71,417
0.008,3.49,12750,1001,320.44,350
0.008,3.49,12750,999,68.58,938
0.008,3.49,12750,999,99.73,877
0.008,3.49,12750,999,120.92,828
0.008,3.49,12750,999,159.28,755
0.008,3.49,12750,1001,178.49,721
0.008,3.49,12750,999,193.8,692
0.008,3.49,12750,999,250.97,556
0.008,3.49,12750,999,290.66,446
0.008,3.49,12750,996,307.78,373
0.008,0.78,12750,1608,172.5,3054
0.008,0.78,12750,1619,182.62,2927
0.008,0.78,12750,1619,191.75,2830
0.008,0.78,12750,1608,213.34,2628
0.008,1.57,12750,1620,248.03,1411
0.008,1.57,12750,1620,262.16,1306
0.008,1.57,12750,1620,280.53,1150
0.008,1.57,12750,1620,310.68,931
0.008,1.57,12750,1620,320.44,854
0.008,1.57,12750,1601,56.56,2656
0.008,1.57,12750,1601,68.58,2577
0.008,1.57,12750,1601,79.63,2504
0.008,1.57,12750,1601,97.82,2408
0.008,1.57,12750,1606,108.8,2335
0.008,1.57,12750,1606,117.84,2269
0.008,1.57,12750,1606,128.03,2213
0.008,1.57,12750,1579,157.18,2006
0.008,1.57,12750,1595,158.35,2046
0.008,1.57,12750,1595,168.34,1942
0.008,1.57,12750,1595,169.5,1958
0.008,1.57,12750,1595,176.42,1894
0.008,1.57,12750,1595,179.64,1872
0.008,1.57,12750,1595,199,1743
0.008,1.57,12750,1595,209.1,1692
0.008,1.57,12750,1595,218.43,1636
0.008,1.57,12750,1595,228.52,1525
0.008,1.57,12750,1595,238.67,1462
0.008,1.57,12750,1590,249.92,1381
0.008,1.57,12750,1595,258.04,1348
0.008,1.57,12750,1595,280.53,1212
0.008,1.57,12750,1601,312.69,900
0.008,1.57,12750,1595,322.45,817
0.008,2.23,12750,1608,167.41,1440
0.008,2.23,12750,1614,178.49,1409
0.008,2.23,12750,1620,188.79,1348
0.008,2.23,12750,1614,209.1,1240
0.008,2.23,12750,1620,217.32,1229
0.008,2.23,12750,1625,226.55,1145
0.008,2.23,12750,1625,236.74,1105
0.008,2.23,12750,1620,260.1,990
0.008,2.23,12750,1620,270.26,953
0.008,2.23,12750,1620,280.53,891
0.008,2.23,12750,1614,290.66,845
0.008,2.23,12750,1625,300.75,775
0.008,2.23,12750,1620,310.68,726
0.008,2.23,12750,1620,323.36,643
0.008,2.44,12750,1590,89.69,1714
0.008,2.44,12750,1595,105.7,1657
0.008,2.44,12750,1590,125.9,1548
0.008,2.44,12750,1590,134.89,1519
0.008,2.44,12750,1584,162.31,1381
0.008,2.44,12750,1601,185.6,1292
0.008,2.44,12750,1584,199.9,1222
0.008,2.44,12750,1579,201.93,1165
0.008,2.44,12750,1590,277.4,806
0.008,2.44,12750,1595,292.71,743
0.008,5.03,12750,1592,100.69,886
0.008,5.03,12750,1592,113.79,863
0.008,5.03,12750,1614,132.05,819
0.008,5.03,12750,1614,146.18,791
0.008,5.03,12750,1614,177.57,716
0.008,5.03,12750,1603,191.75,684
0.008,5.03,12750,1614,199.9,640
0.008,5.03,12750,1603,199.9,625
0.008,5.03,12750,1603,225.46,617
0.008,5.03,12750,1603,231.56,569
0.008,5.03,12750,1603,236.74,558
0.008,5.03,12750,1603,261.13,491
0.008,5.03,12750,1598,269.25,472
0.008,5.03,12750,1626,270.26,459
0.008,5.03,12750,1598,296.77,380
0.008,5.03,12750,1598,301.82,360
0.008,5.03,12750,1592,313.69,320
0.008,1.57,12750,2201,128.03,2759
0.008,1.57,12750,2201,137.95,2668
0.008,1.57,12750,2201,148.06,2593
0.008,1.57,12750,2201,158.35,2501
0.008,1.57,12750,2195,168.34,2390
0.008,1.57,12750,2201,178.49,2304
0.008,1.57,12750,2201,188.79,2238
0.008,1.57,12750,2201,197.87,2150
0.008,1.57,12750,2201,219.31,1925
0.008,1.57,12750,2201,229.6,1849
0.008,1.57,12750,2195,249.92,1636
0.008,1.57,12750,2195,260.1,1553
0.008,1.57,12750,2195,268.25,1429
0.008,1.57,12750,2195,280.53,1320
0.008,1.57,12750,2190,290.66,1206
0.008,1.57,12750,2195,300.75,1098
0.008,1.57,12750,2195,310.68,994
0.008,1.57,12750,2195,320.44,911
0.008,3.49,12750,2004,93.76,1473
0.008,3.49,12750,2004,124.01,1343
0.008,3.49,12750,2004,146.18,1262
0.008,3.49,12750,2004,165.33,1166
0.008,3.49,12750,2004,188.79,1088
0.008,3.49,12750,2004,212.22,998
0.008,3.49,12750,2004,249.92,839
0.008,3.49,12750,2004,274.44,749
0.008,3.49,12750,2004,298.77,645
0.008,3.49,12750,2004,322.45,532
0.008,3.49,12750,2004,93.76,1458
0.008,3.49,12750,2004,111.89,1386
0.008,3.49,12750,2004,151.11,1227
0.008,3.49,12750,2004,168.34,1155
0.008,3.49,12750,2004,188.79,1076
0.008,3.49,12750,2004,207.09,1010
0.008,3.49,12750,2004,227.65,923
0.008,3.49,12750,2004,249.92,822
0.008,3.49,12750,2004,270.26,749
0.008,3.49,12750,2004,292.71,663
0.008,3.49,12750,2004,310.68,590
0.008,3.49,12750,2004,324.27,512
0.008,1.57,12750,2737,249.92,1887
0.008,1.57,12750,2737,260.1,1841
0.008,1.57,12750,2737,268.25,1692
0.008,1.57,12750,2737,280.53,1562
0.008,1.57,12750,2737,290.66,1401
0.008,1.57,12750,2737,299.67,1288
0.008,1.57,12750,2731,309.66,1156
0.008,1.57,12750,2485,320.44,1040
0.008,1.57,12750,2690,147.12,3071
0.008,1.57,12750,2679,158.35,2942
0.008,1.57,12750,2707,209.1,2446
0.008,1.57,12750,2707,228.52,2213
0.008,1.57,12750,2668,238.67,2049
0.008,1.57,12750,2679,239.74,2061
0.008,1.57,12750,2668,261.13,1755
0.008,1.57,12750,2668,291.59,1353
0.008,1.57,12750,2668,300.75,1224
0.008,2.44,12750,2696,209.1,1644
0.008,2.44,12750,2696,220.41,1552
0.008,2.44,12750,2696,228.52,1490
0.008,2.44,12750,2696,239.74,1415
0.008,2.44,12750,2674,250.97,1313
0.008,2.44,12750,2701,260.1,1243
0.008,2.44,12750,2751,279.56,1100
0.008,2.44,12750,2580,301.82,894
0.008,2.44,12750,2580,311.69,808
0.008,5.03,12750,2726,203.06,956
0.008,5.03,12750,2726,209.1,928
0.008,5.03,12750,2726,218.43,885
0.008,5.03,12750,2709,231.56,838
0.008,5.03,12750,2715,238.67,800
0.008,5.03,12750,2709,238.67,799
0.008,5.03,12750,2731,250.97,765
0.008,5.03,12750,2682,278.38,649
0.008,5.03,12750,2709,287.64,613
0.008,5.03,12750,2698,297.68,562
0.008,5.03,12750,2682,307.78,507
0.008,5.03,12750,2726,314.67,478
0.008,5.03,12750,2704,316.63,465
0.008,5.03,12750,2682,318.55,455
0.008,5.03,12750,2726,321.37,446
0.008,1.57,12750,3272,203.06,2880
0.008,1.57,12750,3245,227.65,2472
0.008,1.57,12750,3239,248.03,2270
0.008,1.57,12750,3239,270.26,1879
0.008,1.57,12750,3250,280.53,1772
0.008,1.57,12750,3250,280.53,1772
0.008,1.57,12750,3222,290.66,1577
0.008,1.57,12750,3180,180.56,3114
0.008,1.57,12750,3191,188.79,2997
0.008,1.57,12750,3191,197.87,2871
0.008,1.57,12750,3180,219.31,2590
0.008,1.57,12750,3169,230.69,2415
0.008,1.57,12750,3158,239.74,2259
0.008,1.57,12750,3185,260.1,2008
0.008,1.57,12750,3191,270.26,1796
0.008,1.57,12750,3191,290.66,1545
0.008,1.57,12750,3180,300.75,1409
0.008,1.57,12750,3196,310.68,1244
0.008,1.57,12750,3202,320.44,1108
0.008,2.44,12750,3169,225.46,1711
0.008,2.44,12750,3185,230.69,1687
0.008,2.44,12750,3185,240.81,1584
0.008,2.44,12750,3185,249.92,1488
0.008,2.44,12750,3191,260.1,1412
0.008,2.44,12750,3185,270.26,1311
0.008,2.44,12750,3185,281.5,1217
0.008,2.44,12750,3185,310.68,929
0.008,2.44,12750,3229,319.5,864
0.008,5.03,12750,3207,240.81,926
0.008,5.03,12750,3218,252.02,847
0.008,5.03,12750,3218,261.13,831
0.008,5.03,12750,3207,271.26,791
0.008,5.03,12750,3207,294.75,675
0.008,5.03,12750,3207,301.82,653
0.008,5.03,12750,3207,310.68,605
0.008,5.03,12750,3207,319.5,556
0.008,5.03,12750,3207,318.55,548
0.008,5.03,12750,3207,324.27,537
0.008,0.97,12750,3989,257.01,3443
0.008,0.97,12750,3972,277.4,2911
0.008,0.97,12750,3989,287.64,2681
0.008,0.97,12750,3961,300.75,2219
0.008,0.97,12750,4126,313.69,1940
0.008,0.97,12750,3857,321.37,1605
0.008,1.57,12750,4066,250.97,2600
0.008,1.57,12750,4038,261.13,2408
0.008,1.57,12750,4038,270.26,2257
0.008,1.57,12750,4038,281.5,2058
0.008,1.57,12750,4010,300.75,1718
0.008,1.57,12750,4043,310.68,1524
0.008,1.57,12750,4038,320.44,1383
0.008,1.57,12750,4022,220.41,3101
0.008,1.57,12750,4000,270.26,2213
0.008,1.57,12750,4000,280.53,2049
0.008,1.57,12750,4000,291.59,1851
0.008,1.57,12750,3978,300.75,1700
0.008,2.44,12750,3994,301.82,1225
0.008,2.44,12750,3989,320.44,1009
0.008,2.54,12750,4000,302.71,1226
0.008,2.54,12750,4000,320.44,1029
0.008,5.03,12750,4009,290.66,880
0.008,5.03,12750,4003,298.77,839
0.008,5.03,12750,4009,309.66,814
0.008,5.03,12750,4009,321.37,763
0.008,1.57,12750,4984,260.1,2802
0.008,1.57,12750,4973,270.26,2567
0.008,1.57,12750,5001,280.53,2383
0.008,1.57,12750,4984,290.66,2203
0.008,1.57,12750,4984,300.75,1991
0.008,1.57,12750,4973,311.69,1791
0.008,1.57,12750,4946,320.44,1642
0.008,2,12750,4990,261.13,2375
0.008,2,12750,4990,270.26,2208
0.008,2,12750,4990,291.59,1900
0.008,2,12750,4990,300.75,1781
0.011,6,12750,1009,128.03,663
0.011,6,12750,1006,137.95,647
0.011,6,12750,1012,148.06,627
0.011,6,12750,1012,158.35,605
0.011,6,12750,988,168.34,579
0.011,6,12750,983,178.49,550
0.011,6,12750,980,188.79,532
0.011,6,12750,974,199,510
0.011,6,12750,986,219.31,478
0.011,6,12750,1600,209.1,686
0.011,6,12750,1603,219.31,663
0.011,6,12750,1606,249.92,576
0.011,6,12750,1591,249.92,562
0.011,6,12750,1588,270.26,510
0.011,6,12750,1608,280.53,470
0.011,6,12750,1611,280.53,473
0.011,6,12750,1614,300.75,376
0.011,6,12750,1611,310.68,354
0.011,6,12750,1614,310.68,381
0.011,6,12750,1606,320.44,314
0.011,6,12750,1617,320.44,308
0.011,6,12750,2100,199,873
0.011,6,12750,2123,209.1,832
0.011,6,12750,2097,219.31,794
0.011,6,12750,2085,229.6,753
0.011,6,12750,2068,239.74,718
0.011,6,12750,2147,249.92,694
0.011,6,12750,2155,260.1,649
0.011,6,12750,2147,270.26,613
0.011,6,12750,2111,270.26,634
0.011,6,12750,2114,280.53,596
0.011,6,12750,2179,280.53,602
0.011,6,12750,2126,290.66,536
0.011,6,12750,2164,290.66,566
0.011,6,12750,2106,300.75,486
0.011,6,12750,2100,300.75,499
0.011,6,12750,2190,310.68,447
0.011,6,12750,2106,320.44,395
0.011,6,12750,2652,260.1,810
0.011,6,12750,2688,270.26,746
0.011,6,12750,2688,280.53,701
0.011,6,12750,2676,290.66,650
0.011,6,12750,2673,300.75,598
0.011,6,12750,2676,310.68,551
0.011,6,12750,2676,320.44,504
0.011,6,12750,3164,249.92,982
0.011,6,12750,3161,259.08,931
0.011,6,12750,3161,270.26,876
0.011,6,12750,3155,290.66,764
0.011,6,12750,3129,300.75,713
0.011,6,12750,3746,290.66,911
0.011,6,12750,3656,320.44,778
0.00384,0.8,14700,4008,281.63,2273
0.00384,0.8,14700,4008,290.87,2076
0.00384,0.8,14700,4008,301.07,1931
0.00384,0.8,14700,4008,321.25,1640
0.00384,1.55,14700,4008,231.64,1895
0.00384,1.55,14700,3984,244.77,1788
0.00384,1.55,14700,3984,257.19,1687
0.00384,1.55,14700,3960,282.8,1510
0.00384,1.55,14700,4008,295,1397
0.00384,1.55,14700,4008,316.2,1173
0.00384,0.8,14700,4991,301.07,2335
0.00384,0.8,14700,4943,310.28,2180
0.00384,0.8,14700,4943,321.25,1993
0.00607,0.79,14700,999,300.16,1080
0.00607,0.79,14700,999,312.16,994
0.00607,0.79,14700,999,321.25,941
0.00607,0.79,14700,1604,212.03,2193
0.00607,0.79,14700,1604,221.35,2126
0.00607,0.79,14700,1604,231.64,2020
0.00607,0.79,14700,1604,240.71,1961
0.00607,0.79,14700,1604,260.3,1775
0.00607,0.79,14700,1604,280.65,1610
0.00607,0.79,14700,1604,289.92,1497
0.00607,0.79,14700,1604,301.07,1365
0.00607,0.79,14700,1604,321.25,1120
0.00607,0.79,14700,2209,219.36,2683
0.00607,0.79,14700,2209,238.78,2451
0.00607,0.79,14700,2199,249.01,2345
0.00607,0.79,14700,2199,259.27,2213
0.00607,0.79,14700,2209,267.47,2113
0.00607,0.79,14700,2209,280.65,1961
0.00607,0.79,14700,2199,301.07,1603
0.00607,0.79,14700,2199,311.31,1504
0.00607,0.79,14700,2199,330.83,1245
0.00607,0.79,14700,2708,231.64,2935
0.00607,0.79,14700,2708,243.92,2862
0.00607,0.79,14700,2699,255.11,2670
0.00607,0.79,14700,2718,264.41,2517
0.00607,0.79,14700,2718,278.69,2312
0.00607,0.79,14700,2718,288.97,2146
0.00607,0.79,14700,2708,300.16,1954
0.00607,0.79,14700,2699,311.31,1689
0.00607,0.79,14700,2718,330.83,1385
0.00607,0.79,14700,3208,230.55,3259
0.00607,0.79,14700,3189,242.85,3074
0.00607,0.79,14700,3198,255.11,2921
0.00607,0.79,14700,3189,280.65,2444
0.00607,0.79,14700,3179,296.11,2166
0.00607,0.79,14700,3189,308.19,1868
0.00607,0.79,14700,3189,321.25,1616
0.00607,0.79,14700,4014,270.51,3160
0.00607,0.79,14700,4014,279.67,2961
0.00607,0.79,14700,4014,302.15,2391
0.00607,0.79,14700,4014,311.31,2246
0.00607,0.79,14700,4014,321.25,1928
0.00607,0.79,14700,4014,331.83,1742
0.00607,0.79,14700,4956,280.65,3412
0.00607,0.79,14700,4965,302.15,2941
0.00607,0.79,14700,4965,311.31,2597
0.00607,0.79,14700,4975,323.15,2279
0.00607,0.79,14700,4994,331.83,2067
0.00607,0.79,14700,7462,290.87,4525
0.008,0.78,14700,1005,260.3,1522
0.008,0.78,14700,1005,272.52,1415
0.008,0.78,14700,1005,301.07,1217
0.008,0.78,14700,1000,311.31,1106
0.008,0.78,14700,1011,158.04,2170
0.008,0.78,14700,1011,168.28,2099
0.008,0.78,14700,1011,178.45,1988
0.008,0.78,14700,1011,188.54,1948
0.008,0.78,14700,1016,219.36,1812
0.008,0.78,14700,1016,229.46,1716
0.008,0.78,14700,1016,240.71,1655
0.008,0.78,14700,1027,250.07,1600
0.008,0.78,14700,1022,260.3,1499
0.008,0.78,14700,1005,270.51,1443
0.008,0.78,14700,1000,279.67,1393
0.008,0.79,14700,1000,158.04,2091
0.008,0.79,14700,995,177.3,1951
0.008,0.79,14700,995,189.68,1910
0.008,0.79,14700,995,198.77,1863
0.008,0.79,14700,995,209.12,1780
0.008,0.79,14700,995,219.36,1754
0.008,0.79,14700,995,229.46,1656
0.008,0.79,14700,989,239.85,1604
0.008,0.79,14700,995,250.91,1532
0.008,1.57,14700,1001,280.65,883
0.008,1.57,14700,1001,290.87,812
0.008,2.44,14700,1018,111.52,1116
0.008,2.44,14700,1023,126.73,1067
0.008,2.44,14700,1034,168.28,967
0.008,2.44,14700,1018,183.51,921
0.008,2.44,14700,1029,216.26,827
0.008,2.44,14700,1034,228.59,799
0.008,2.44,14700,1034,243.92,749
0.008,2.44,14700,1025,256.15,725
0.008,2.44,14700,996,292.94,570
0.008,2.44,14700,996,311.31,515
0.008,2.44,14700,1012,325.17,450
0.008,0.78,14700,2233,265.44,2470
0.008,3.49,14710,997,78.35,883
0.008,3.49,14710,999,98.48,836
0.008,3.49,14710,999,119.7,793
0.008,3.49,14710,999,137.7,764
0.008,3.49,14710,1000,168.14,706
0.008,3.49,14710,1001,185.43,663
0.008,3.49,14710,1001,222.31,590
0.008,3.49,14710,1000,239.72,556
0.008,3.49,14710,1001,257.06,518
0.008,3.49,14710,1001,279.75,480
0.008,3.49,14710,1001,297.11,431
0.008,3.49,14710,997,329.88,330
0.008,3.49,14710,999,78.35,885
0.008,3.49,14710,999,97.52,845
0.008,3.49,14710,999,131.8,778
0.008,3.49,14710,999,169.3,700
0.008,3.49,14710,999,206.97,619
0.008,3.49,14710,999,248.04,532
0.008,3.49,14710,999,285.78,431
0.008,3.49,14710,999,305.27,394
0.008,3.49,14710,999,322.11,344
0.008,3.49,14710,999,76.43,900
0.008,3.49,14710,999,92.5,865
0.008,3.49,14710,999,107.56,825
0.008,3.49,14710,999,162.09,721
0.008,3.49,14710,999,183.59,677
0.008,3.49,14710,999,201.8,642
0.008,3.49,14710,999,219.22,605
0.008,3.49,14710,999,240.8,561
0.008,3.49,14710,999,260.17,518
0.008,3.49,14710,1005,298.03,440
0.008,3.49,14710,999,316.27,376
0.008,3.49,14710,1001,327.96,359
0.008,3.49,14710,2004,87.47,1534
0.008,3.49,14710,2004,107.56,1458
0.008,3.49,14710,2004,126.59,1377
0.008,3.49,14710,2004,144.77,1299
0.008,3.49,14710,2004,161.16,1233
0.008,3.49,14710,2004,177.39,1163
0.008,3.49,14710,2004,194.78,1117
0.008,3.49,14710,2004,212.11,998
0.008,3.49,14710,2004,236.71,909
0.008,3.49,14710,2004,256.02,845
0.008,3.49,14710,2004,274.6,764
0.008,0.78,14700,2233,277.7,2333
0.008,0.78,14700,2233,290.87,2075
0.008,0.78,14700,2244,301.07,1948
0.008,1.57,14700,2190,189.68,2238
0.008,1.57,14700,2195,198.77,2168
0.008,1.57,14700,2201,209.12,2051
0.008,1.57,14700,2190,239.85,1793
0.008,1.57,14700,2195,249.01,1705
0.008,1.57,14700,2190,269.5,1578
0.008,1.57,14700,2208,312.16,1070
0.008,1.57,14700,2206,321.25,959
0.008,2.44,14700,2173,168.28,1717
0.008,2.44,14700,2162,178.45,1656
0.008,2.44,14700,2179,188.54,1597
0.008,2.44,14700,2173,200.81,1531
0.008,2.44,14700,2173,209.12,1474
0.008,2.44,14700,2190,224.43,1371
0.008,2.44,14700,2173,228.59,1352
0.008,2.44,14700,2200,235.76,1352
0.008,2.44,14700,2179,244.77,1301
0.008,2.44,14700,2179,265.44,1188
0.008,2.44,14700,2190,276.51,1059
0.008,2.44,14700,2190,304.13,873
0.008,2.44,14700,2195,315.2,788
0.008,2.44,14700,2190,325.17,707
0.008,0.78,14700,1594,198.77,2578
0.008,0.78,14700,1603,219.36,2373
0.008,0.78,14700,1597,239.85,2192
0.008,0.78,14700,1603,250.07,2101
0.008,0.78,14700,1592,260.3,1981
0.008,0.78,14700,1608,270.51,1870
0.008,0.78,14700,1597,290.87,1614
0.008,0.78,14700,1592,301.07,1523
0.008,0.78,14700,1603,311.31,1408
0.008,0.78,14700,1597,321.25,1257
0.008,1.57,14700,1601,168.28,1953
0.008,1.57,14700,1601,178.45,1884
0.008,1.57,14700,1606,188.54,1791
0.008,1.57,14700,1601,198.77,1727
0.008,1.57,14700,1595,209.12,1674
0.008,1.57,14700,1601,219.36,1606
0.008,1.57,14700,1601,230.55,1495
0.008,1.57,14700,1601,259.27,1328
0.008,1.57,14700,1601,280.65,1110
0.008,1.57,14700,1601,290.87,1062
0.008,1.57,14700,1601,301.07,971
0.008,1.57,14700,1601,311.31,893
0.008,1.57,14700,1601,330.83,749
0.008,5.03,14700,1609,178.45,708
0.008,5.03,14700,1598,182.36,702
0.008,5.03,14700,1603,188.54,678
0.008,5.03,14700,1614,192.64,675
0.008,5.03,14700,1598,211.14,620
0.008,5.03,14700,1598,250.91,517
0.008,5.03,14700,1598,262.36,499
0.008,5.03,14700,1598,283.77,446
0.008,5.03,14700,1598,273.52,466
0.008,5.03,14700,1598,294.06,417
0.008,5.03,14700,1598,305.19,381
0.008,5.03,14700,1598,314.2,367
0.008,5.03,14700,1598,325.17,328
0.008,5.03,14700,1598,334.62,278
0.008,3.49,14710,2004,305.27,619
0.008,3.49,14810,2004,334.58,475
0.008,3.49,14710,1993,98.48,1464
0.008,3.49,14710,2004,119.7,1389
0.008,3.49,14710,2004,138.65,1322
0.008,3.49,14710,2004,180.38,1140
0.008,3.49,14710,2004,206.07,1053
0.008,3.49,14910,2004,254.11,851
0.008,3.49,14710,2004,277.58,735
0.008,3.49,14710,1998,296,663
0.008,3.49,14710,2004,316.27,561
0.008,3.49,14710,2004,334.54,460
0.008,3.49,14710,2004,78.35,1563
0.008,3.49,14600,2004,111.55,1406
0.008,3.49,14710,2004,151.81,1273
0.008,3.49,14610,2004,175.34,1140
0.008,3.49,14830,2004,222.46,981
0.008,3.49,14710,2004,242.72,862
0.008,3.49,14830,2004,265.25,793
0.008,3.49,14710,2004,295.07,663
0.008,3.49,14710,2004,317.26,538
0.008,3.49,14710,1906,334.54,435
0.008,1.57,14700,2701,187.63,2724
0.008,1.57,14700,2696,198.77,2557
0.008,1.57,14700,2723,220.24,2352
0.008,1.57,14700,2712,239.85,2137
0.008,1.57,14700,2696,250.07,1998
0.008,1.57,14700,2729,260.3,1905
0.008,1.57,14700,2707,280.65,1642
0.008,1.57,14700,2712,290.87,1510
0.008,1.57,14700,2723,299.06,1454
0.008,1.57,14700,2679,311.31,1275
0.008,1.57,14700,2696,322.21,1123
0.008,1.57,14700,2718,330.83,1019
0.008,1.6,14700,2740,260.3,1867
0.008,1.6,14700,2696,270.51,1725
0.008,1.6,14700,2696,281.63,1596
0.008,1.6,14700,2696,292,1471
0.008,1.6,14700,2712,302.15,1352
0.008,1.6,14700,2712,321.25,1118
0.008,1.6,14700,2712,329.82,1038
0.008,2.44,14700,2712,214.26,1747
0.008,2.44,14700,2685,224.43,1646
0.008,2.44,14700,2696,244.77,1488
0.008,2.44,14700,2685,254.06,1415
0.008,2.44,14700,2685,276.51,1243
0.008,2.44,14700,2679,296.11,1089
0.008,2.44,14700,2712,306.26,1007
0.008,5.03,14700,2704,217.14,955
0.008,5.03,14700,2709,231.64,909
0.008,5.03,14700,2709,240.71,886
0.008,5.03,14700,2687,253.01,823
0.008,5.03,14700,2709,250.91,823
0.008,5.03,14700,2709,261.33,784
0.008,5.03,14700,2709,304.13,598
0.008,5.03,14700,2687,314.2,533
0.008,5.03,14700,2709,324.09,494
0.008,1.57,14700,3185,208,2850
0.008,1.57,14700,3185,219.36,2676
0.008,1.57,14700,3185,229.46,2529
0.008,1.57,14700,3169,260.3,2117
0.008,1.57,14700,3191,270.51,2003
0.008,1.57,14700,3191,280.65,1869
0.008,1.57,14700,3151,290.87,1682
0.008,1.57,14700,3196,301.07,1593
0.008,1.57,14700,3196,311.31,1454
0.008,1.57,14700,3180,322.21,1277
0.008,1.57,14700,3191,330.83,1151
0.008,1.6,14700,3169,290.87,1705
0.008,1.6,14700,3185,301.07,1578
0.008,1.6,14700,3202,301.07,1556
0.008,1.6,14700,3191,311.31,1422
0.008,1.6,14700,3224,321.25,1295
0.008,1.6,14700,3191,321.25,1292
0.008,2.44,14700,3191,260.3,1584
0.008,2.44,14700,3191,270.51,1496
0.008,2.44,14700,3163,303.23,1236
0.008,2.44,14700,3163,313.18,1121
0.008,2.44,14700,3191,326.09,965
0.008,5.03,14700,3207,263.39,910
0.008,5.03,14700,3212,274.52,855
0.008,5.03,14700,3179,305.19,685
0.008,5.03,14700,3196,314.2,650
0.008,5.03,14700,3185,323.15,604
0.008,5.03,14700,3201,330.83,572
0.008,5.03,14700,3201,330.83,560
0.008,0.78,14700,4021,280.65,3424
0.008,0.78,14700,3994,288.97,3207
0.008,0.78,14700,3999,301.07,2961
0.008,0.78,14700,3999,313.18,2634
0.008,1.57,14700,3978,258.23,2643
0.008,1.6,14700,3191,203.96,2821
0.008,1.6,14700,3191,209.12,2739
0.008,1.6,14700,3191,214.26,2739
0.008,1.6,14700,3191,224.43,2577
0.008,1.6,14700,3163,239.85,2393
0.008,1.6,14700,3191,244.77,2315
0.008,1.6,14700,3185,260.3,2091
0.008,1.6,14700,3163,270.51,1977
0.008,1.6,14700,3213,269.5,2004
0.008,1.6,14700,3169,280.65,1850
0.008,1.57,14700,3978,280.65,2226
0.008,1.57,14700,3978,290.87,2269
0.008,1.57,14700,3989,301.07,1960
0.008,1.57,14700,3978,311.31,1773
0.008,1.57,14700,3961,321.25,1616
0.008,1.57,14700,3961,330.83,1442
0.008,1.6,14700,3978,250.07,2671
0.008,1.6,14700,3945,261.33,2534
0.008,1.6,14700,3994,270.51,2420
0.008,1.6,14700,3978,280.65,2228
0.008,1.6,14700,3989,280.65,2226
0.008,1.6,14700,3989,292,2066
0.008,1.6,14700,3994,301.07,1929
0.008,1.6,14700,3989,301.07,1927
0.008,1.6,14700,3994,311.31,1790
0.008,1.6,14700,3994,311.31,1738
0.008,1.6,14700,3994,321.25,1633
0.008,1.6,14700,3994,321.25,1586
0.008,1.6,14700,3978,330.83,1439
0.008,1.6,14700,3994,331.83,1392
0.008,2.23,14700,4049,331.83,1195
0.008,0.78,14700,5075,285.9,3785
0.008,0.78,14700,5064,296.11,3419
0.008,0.78,14700,4999,305.19,3248
0.008,0.78,14700,5021,316.2,2941
0.008,1.57,14700,4973,280.65,2719
0.008,1.57,14700,4973,312.16,2127
0.008,1.57,14700,4979,321.25,1942
0.008,1.57,14700,4979,331.83,1735
0.008,2,14700,5006,276.51,2424
0.008,2,14700,5045,280.65,2349
0.008,2,14700,5006,290.87,2202
0.008,2,14700,5006,301.07,2069
0.008,2,14700,4979,311.31,1918
0.008,2,14700,5006,323.15,1741
0.008,2,14700,5006,332.68,1582
0.011,6,14700,1000,250.07,418
0.011,6,14700,1012,270.51,387
0.011,6,14700,991,280.65,358
0.011,6,14700,983,290.87,330
0.011,6,14700,977,301.07,301
0.011,6,14700,988,321.25,245
0.011,6,14700,1579,250.07,587
0.011,6,14700,1562,270.51,514
0.011,6,14700,1570,280.65,476
0.011,6,14700,1562,290.87,442
0.011,6,14700,1623,321.25,354
0.011,6,14700,2176,209.12,920
0.011,6,14700,2170,219.36,881
0.011,6,14700,2179,229.46,843
0.011,6,14700,2182,239.85,809
0.011,6,14700,2152,250.07,754
0.011,6,14700,2187,260.3,708
0.011,6,14700,2185,270.51,670
0.011,6,14700,2167,280.65,642
0.011,6,14700,2182,290.87,579
0.011,6,14700,2161,301.07,532
0.011,6,14700,2141,311.31,475
0.011,6,14700,2144,321.25,428
0.011,6,14700,2187,321.25,453
0.011,6,14700,2676,280.65,783
0.011,6,14700,2667,290.87,726
0.011,6,14700,2652,301.07,660
0.011,6,14700,2693,321.25,563
0.011,6,14700,3103,301.07,774
0.011,6,14700,3100,311.31,724
0.016,6,14700,1001,292,459
0.00607,0.79,17700,1604,286.12,1477
0.00607,0.79,17700,1604,296.48,1358
0.00607,0.79,17700,1604,317.15,1192
0.00607,0.79,17700,1604,326.22,1113
0.00607,0.79,17700,2199,295.53,1967
0.00607,0.79,17700,2199,315.09,1775
0.00607,0.79,17700,2199,324.3,1612
0.00607,0.79,17700,2199,335.24,1524
0.00607,0.79,17700,2699,288.26,2312
0.00607,0.79,17700,2699,316.12,1881
0.00607,0.79,17700,2699,326.22,1683
0.00607,0.79,17700,2699,335.24,1557
0.00607,0.79,17700,3189,318.17,2087
0.00607,0.79,17700,3189,329.21,1881
0.00607,0.79,17700,4014,303.71,2676
0.00607,0.79,17700,4024,327.18,2319
0.00607,0.79,17700,4975,322.17,2802
0.008,1.57,17700,501,93.96,966
0.008,1.57,17700,501,104.97,946
0.008,1.57,17700,501,113.09,946
0.008,1.57,17700,501,122.15,913
0.008,1.57,17700,501,132.35,893
0.008,1.57,17700,501,144.41,862
0.008,1.57,17700,501,152.64,850
0.008,1.57,17700,501,162.7,812
0.008,1.57,17700,501,175.02,776
0.008,1.57,17700,501,183.33,754
0.008,1.57,17700,501,225.28,678
0.008,1.57,17700,501,244.85,622
0.008,1.57,17700,501,255.25,604
0.008,1.57,17700,501,265.45,579
0.008,1.57,17700,501,275.82,561
0.008,1.57,17700,501,287.1,524
0.008,1.57,17700,501,297.6,506
0.008,1.57,17700,501,307.88,473
0.008,1.57,17700,506,328.28,412
0.008,2.54,17700,754,272.8,474
0.008,2.54,17700,754,291.34,433
0.008,2.54,17700,754,301.7,410
0.008,2.54,17700,754,310.9,397
0.008,2.54,17700,754,322.17,364
0.008,2.54,17700,754,342.83,308
0.008,1.57,17700,1007,132.35,1427
0.008,1.57,17700,1012,142.52,1378
0.008,1.57,17700,1007,153.58,1348
0.008,1.57,17700,1012,163.87,1323
0.008,1.57,17700,1001,172.94,1275
0.008,1.57,17700,1001,183.33,1237
0.008,1.57,17700,1001,193.41,1194
0.008,1.57,17700,996,204.75,1166
0.008,1.57,17700,1001,213.96,1113
0.008,1.57,17700,1001,224.4,1060
0.008,1.57,17700,990,234.48,1009
0.008,1.57,17700,996,241.84,989
0.008,1.57,17700,996,255.25,948
0.008,1.57,17700,996,264.42,911
0.008,1.57,17700,974,272.8,878
0.008,1.57,17700,979,285.14,827
0.008,1.57,17700,1001,295.53,782
0.008,3.49,17660,999,160.68,712
0.008,3.49,17660,999,183.17,671
0.008,3.49,17660,999,205.73,619
0.008,3.49,17660,999,252.15,509
0.008,3.49,17660,999,299.52,402
0.008,3.49,17660,999,322.21,336
0.008,3.49,17660,999,345.63,286
0.008,1.57,17700,1620,177.1,1910
0.008,1.57,17700,1620,206.78,1746
0.008,1.57,17700,1631,218.19,1654
0.008,1.57,17700,1614,240.76,1494
0.008,1.57,17700,1601,193.41,1791
0.008,1.57,17700,1601,255.25,1363
0.008,1.57,17700,1595,264.42,1303
0.008,1.57,17700,1601,286.12,1181
0.008,1.57,17700,1601,297.6,1090
0.008,1.57,17700,1601,327.18,847
0.008,1.57,17700,1601,346.59,673
0.008,2.23,17700,1625,175.02,1517
0.008,2.23,17700,1625,209.93,1317
0.008,2.23,17700,1620,219.08,1282
0.008,2.23,17700,1620,230.55,1220
0.008,2.23,17700,1620,239.68,1170
0.008,2.23,17700,1625,248.9,1134
0.008,2.23,17700,1620,260.27,1062
0.008,2.23,17700,1625,270.56,1012
0.008,2.23,17700,1625,290.19,913
0.008,2.23,17700,1620,301.7,839
0.008,2.23,17700,1620,311.96,793
0.008,2.23,17700,1614,322.17,739
0.008,2.23,17700,1608,333.17,615
0.008,2.54,17700,1601,163.87,1337
0.008,2.54,17700,1601,181.26,1251
0.008,2.54,17700,1601,193.41,1194
0.008,2.54,17700,1601,206.78,1149
0.008,2.54,17700,1601,217.08,1101
0.008,2.54,17700,1601,228.36,1054
0.008,2.54,17700,1606,237.74,1026
0.008,2.54,17700,1601,252.08,963
0.008,2.54,17700,1606,266.47,891
0.008,2.54,17700,1606,288.26,804
0.008,2.54,17700,1601,299.66,752
0.008,5.03,17700,1598,147.47,806
0.008,5.03,17700,1587,158.73,758
0.008,5.03,17700,1603,175.02,742
0.008,5.03,17700,1609,186.31,719
0.008,5.03,17700,1609,197.5,694
0.008,5.03,17700,1620,208.8,666
0.008,5.03,17700,1609,219.08,640
0.008,5.03,17700,1609,229.46,619
0.008,0.78,17700,2222,270.56,2511
0.008,0.78,17700,2217,281.01,2354
0.008,0.78,17700,2217,291.34,2201
0.008,1.57,17700,2179,260.27,1781
0.008,1.57,17700,2212,281.01,1573
0.008,1.57,17700,2217,300.59,1409
0.008,1.57,17700,2217,310.9,1295
0.008,1.57,17700,2217,322.17,1184
0.008,1.57,17700,2223,332.27,1032
0.008,5.03,17700,2201,255.25,735
0.008,5.03,17700,2201,275.82,661
0.008,5.03,17700,2206,285.14,630
0.008,5.03,17700,2206,320.18,491
0.008,3.49,17660,2004,177.18,1212
0.008,3.49,17660,1981,203.69,1129
0.008,3.49,17660,2004,224.25,1082
0.008,3.49,17710,2016,245.79,981
0.008,3.49,17660,2004,271.64,857
0.008,3.49,17660,2004,296.53,758
0.008,3.49,17660,2004,346.48,437
0.008,0.78,17700,2679,280.02,2841
0.008,0.78,17700,2700,291.34,2597
0.008,0.78,17700,2695,301.7,2470
0.008,1.57,17700,2696,274.82,1973
0.008,1.57,17700,2690,306.8,1601
0.008,1.57,17700,2690,317.15,1467
0.008,1.57,17700,2690,346.59,1070
0.008,2.44,17700,2690,249.96,1664
0.008,2.44,17700,2696,259.23,1581
0.008,2.44,17700,2696,270.56,1480
0.008,2.44,17700,2723,290.19,1357
0.008,2.44,17700,2701,301.7,1267
0.008,5.03,17700,2742,274.82,839
0.008,5.03,17700,2687,274.82,823
0.008,5.03,17700,2737,289.23,780
0.008,5.03,17700,2682,286.12,780
0.008,5.03,17700,2726,300.59,726
0.008,5.03,17700,2693,305.9,606
0.008,5.03,17700,2698,310.9,669
0.008,5.03,17700,2698,316.12,632
0.008,5.03,17700,2693,327.18,579
0.008,5.03,17700,2648,330.3,560
0.008,5.03,17700,2693,335.24,526
0.008,0.78,17700,3189,274.82,3383
0.008,0.78,17700,3195,287.1,3104
0.008,0.78,17700,3200,299.66,2780
0.008,0.78,17700,3189,311.96,2546
0.008,1.57,17700,3213,286.12,2104
0.008,1.57,17700,3202,306.8,1816
0.008,1.57,17700,3202,318.17,1674
0.008,1.57,17700,3202,328.28,1535
0.008,1.57,17700,3213,337.11,1396
0.008,1.57,17700,3213,346.59,1232
0.008,2.44,17700,3185,268.52,1750
0.008,2.44,17700,3191,276.83,1657
0.008,2.44,17700,3207,306.8,1422
0.008,2.44,17700,3191,318.17,1282
0.008,2.44,17700,3180,327.18,1181
0.008,2.44,17700,3180,338.1,1056
0.008,5.03,17700,3201,287.1,910
0.008,5.03,17700,3196,295.53,863
0.008,5.03,17700,3207,300.59,846
0.008,0.78,17700,3988,306.8,3052
0.008,1.57,17700,3989,265.45,2795
0.008,1.57,17700,3989,286.12,2623
0.008,1.57,17700,3989,296.48,2345
0.008,1.57,17700,4011,306.8,2213
0.008,1.57,17700,3989,318.17,2046
0.008,1.57,17700,3989,327.18,1879
0.008,1.57,17700,4011,345.62,1578
0.008,2.44,17700,4016,302.8,1730
0.008,2.44,17700,3961,313.01,1617
0.008,2.44,17700,3972,323.16,1500
0.008,2.54,17700,3939,341.92,1182
0.008,2.54,17700,3978,301.7,1657
0.008,2.54,17700,3994,313.01,1556
0.008,2.54,17700,4011,334.21,1305
0.008,2.54,17700,4000,341.92,1191
0.008,1.57,17700,4990,296.48,2790
0.008,1.57,17700,4990,306.8,2600
0.008,1.57,17700,4973,318.17,2350
0.008,1.57,17700,4979,338.1,1973
0.008,1.57,17700,4973,345.62,1816
0.008,2,17700,4979,311.96,2218
0.008,2,17700,5006,322.17,2059
0.008,2,17700,4984,332.27,1920
0.008,2,17700,4979,341.92,1755
0.011,6,17700,991,208.8,463
0.011,6,17700,986,219.08,447
0.011,6,17700,994,229.46,428
0.011,6,17700,1000,260.27,376
0.011,6,17700,1009,270.56,358
0.011,6,17700,1009,301.7,303
0.011,6,17700,1021,311.96,287
0.011,6,17700,983,322.17,254
0.011,6,17700,1597,198.64,767
0.011,6,17700,1585,208.8,729
0.011,6,17700,1582,229.46,678
0.011,6,17700,1562,260.27,592
0.011,6,17700,1570,301.7,462
0.011,6,17700,1567,322.17,387
0.011,6,17700,2193,249.96,876
0.011,6,17700,2246,281.01,755
0.011,6,17700,2129,291.34,688
0.011,6,17700,2106,301.7,642
0.011,6,17700,2228,301.7,660
0.011,6,17700,2626,291.34,838
0.011,6,17700,2623,311.96,732
0.011,6,17700,3202,311.96,890
0.011,6,17700,2989,322.17,802
0.011,6,17700,3223,322.17,813
0.008,2.23,9800,4099,218.16,2139
0.008,1.57,12750,3152,209.1,2684
0.008,6.05,7850,1603,146.8,749
0.011,6,14700,2696,270.51,840
0.008,1.57,12750,2690,137.95,3139
0.008,1.57,12750,1620,297.68,1035
0.008,5.03,12750,1614,248.03,526
0.008,1.57,12750,996,272.46,981
0.008,0.69,9800,5001,228.42,4968
0.008,1.57,12750,2195,117.84,2833
0.008,5.03,12750,2676,259.08,719
0.008,1.57,4900,1601,99.66,3043
0.011,6,14700,1009,260.3,400
0.008,1.6,7850,2696,260.12,1954
0.008,3.49,17660,999,275.88,457
0.008,1.57,14700,2206,301.07,1171
0.011,6,9800,1585,209.09,706
0.00607,0.79,9800,2699,237.46,2686
0.008,1.57,17700,2217,341.92,926
0.008,0.78,7850,1608,199.6,3150
0.008,3.49,14710,2004,201.8,1068
0.008,0.78,4900,1619,218.26,3475
0.008,5.03,17700,2201,266.47,711
0.008,1.6,14700,3224,311.31,1414
0.00607,0.79,9800,4014,268.89,2484
0.008,1.57,17700,1620,188.38,1874
0.008,1.57,9800,3222,259.82,1905
0.008,1.97,4900,2217,206.16,2168
0.00607,0.79,12750,2708,320.44,1398
0.008,3.49,4900,2004,207.05,1218
0.008,0.78,4900,1623,205.05,3688
0.011,6,12750,2158,300.75,502
0.008,1.57,2940,2690,215.28,2681
0.008,1.57,9800,3180,259.82,1884
0.00607,0.79,17700,2708,273.81,2494
0.008,0.79,2940,995,169.96,3281
0.008,1.57,14700,3961,253.01,2706
0.008,3.49,14710,999,146.89,747
0.008,1.57,12750,996,280.53,913
0.008,0.78,9800,2228,128.94,4481
0.00607,0.79,12750,4034,270.26,2895
0.008,3.49,14710,1000,204.95,619
0.008,1.57,17700,1601,213.96,1657
0.008,0.78,4900,2738,185.98,4149
0.00384,1.55,9800,4008,237.46,1719
0.008,5.03,14700,2709,271.52,748
0.008,1.97,2940,1601,171.79,2037
0.00607,0.79,12750,3169,270.26,2471
0.008,6.05,4900,1597,232.29,591
0.008,1.57,4900,3185,252.38,2378
0.008,1.57,12750,4038,320.44,1373
0.008,3.49,12750,2004,72.67,1545
0.008,0.78,7850,994,255.02,2373
0.00607,0.79,9800,1604,209.09,2491
0.008,3.49,9810,2004,120.05,1458
0.011,6,14700,3074,280.65,883
0.008,1.57,12750,1601,303.77,956
0.008,1.6,14700,3191,330.83,1145
0.008,3.49,12750,999,272.46,489
0.00607,0.79,12750,1604,249.92,1934
0.008,2.44,12750,2696,270.26,1171
0.011,6,14700,1576,301.07,411
0.008,1.57,17700,1620,198.64,1802
0.008,1.57,9800,2234,251.58,1784
0.00384,0.8,7850,7463,237.04,3986
0.008,3.49,11770,2004,232.81,909
0.008,2.44,12750,2787,199,1745
0.008,2.44,14700,2685,317.2,918
0.008,0.78,4900,2228,213.23,3678
0.008,1.57,12750,4010,239.74,2807
0.008,1.57,17700,501,215.08,688
0.008,1.6,7850,2718,269.13,1840
0.008,0.78,2940,1722,180.01,4293
0.011,6,9800,1018,87.8,811
0.008,1.57,7850,3185,275.19,1856
0.008,1.57,4900,3978,233.36,2825
0.011,6,12750,994,229.6,450
0.008,1.57,17700,5012,328.28,2218
0.008,1.57,12750,2668,270.26,1631
0.008,1.6,14700,3218,219.36,2664
0.008,1.57,9800,3994,219.26,2792
0.008,0.79,9800,983,51.59,3343
0.011,6,17700,2258,311.96,609
0.00607,0.79,14700,1604,250.91,1861
0.008,3.49,2940,2004,141.69,1375
0.008,1.6,14700,4011,289.92,2116
0.011,6,17700,1026,291.34,329
0.008,1.57,17700,2690,337.11,1209
0.008,1.57,2940,1007,194.02,1801
0.00607,0.79,14700,2209,292,1769
0.008,1.6,14700,3207,331.83,1140
0.00607,0.79,7850,2199,272.08,2425
0.008,1.57,9800,1601,233.39,1717
0.008,1.57,12750,1606,136.07,2130
0.008,0.78,4900,3206,241.39,3589
0.008,0.97,9800,1595,270.88,1932
0.008,1.57,9800,4027,240.44,2367
0.008,0.78,7850,2206,204.52,3363
0.008,1.57,12750,1601,88.73,2453
0.011,6,14700,2190,270.51,680
0.008,1.57,9800,2195,114.97,2901
0.008,1.57,9800,2206,173.53,2383
0.008,0.78,9800,1005,198.8,2333
0.011,6,17700,1573,291.34,487
0.008,1.57,17700,3202,265.45,2307
0.008,1.57,9800,3180,239.59,2102
0.008,0.78,7850,3945,250.07,3117
0.008,2.51,4900,996,178.93,1261
0.00607,0.79,14700,2708,214.26,3200
0.011,6,12750,1603,260.1,539
0.008,0.78,7850,4961,256.05,3177
0.011,6,12750,1600,229.6,635
0.008,1.57,9800,1595,298.91,1186
0.008,1.6,14700,2712,311.31,1250
0.008,3.49,9810,2004,73.78,1661
0.008,0.78,9800,1614,181.56,3199
0.008,1.57,12750,2737,224.59,2255
0.008,1.57,14700,2707,209.12,2456
0.008,2.23,17700,1620,344.75,559
0.008,3.49,9810,2004,181.66,1256
0.008,1.57,7850,2206,244.02,2016
0.008,1.57,17700,1595,203.85,1705
0.008,5.03,14700,3190,296.11,741
0.008,1.57,4900,1001,220.23,1763
0.008,3.49,14710,2010,161.16,1215
0.008,2.54,17700,754,281.01,461
0.008,0.78,9800,2668,226.25,3322
0.008,1.57,14700,2190,290.87,1295
0.008,1.57,9800,1601,100.93,2519
0.008,0.78,9800,1603,149.16,3610
0.00607,0.79,14700,4965,290.87,3213
0.008,0.78,7850,994,246.11,2428
0.008,1.57,12750,3239,260.1,2071
0.00607,0.79,12750,4994,290.66,2928
0.008,1.57,17700,2212,291.34,1462
0.008,1.57,12750,4038,290.66,1884
0.008,0.79,2940,995,158.9,3353
0.008,3.49,9810,2004,89.82,1572
0.008,1.57,7850,2206,194.42,2415
0.008,1.57,12750,1001,270.26,954
0.008,0.78,14700,4026,270.51,3846
0.008,0.78,7850,1605,189.45,3252
0.008,1.57,2940,1007,114.64,2170
0.008,5.03,17700,2693,345.62,486
0.008,1.57,12750,3191,281.5,1690
0.008,1.57,7850,5100,284.15,1922
0.00384,0.8,7850,3936,240.01,2782
0.008,1.57,12750,1601,291.59,1055
0.008,2.44,9800,1579,279.86,920
0.011,6,17700,991,239.68,416
0.008,2.44,12750,2597,322.45,699
0.008,3.49,12750,1003,213.34,657
0.008,2.44,14700,1023,146.8,1019
0.011,6,17700,2237,291.34,703
0.008,2.44,12750,1584,175.5,1334
0.008,1.57,7850,1606,203.63,2087
0.008,1.57,9800,3234,303.79,1388
0.008,1.57,17700,3213,275.82,2188
0.011,6,12750,2155,280.53,585
0.008,1.57,7850,4066,256.05,2196
0.008,1.6,7850,2707,209.63,2353
0.011,6,12750,3117,310.68,654
0.008,1.57,9800,2223,229.29,1997
0.008,1.57,2940,1595,169.96,2489
0.008,1.57,2940,3185,180.92,3245
0.008,1.57,17700,1601,235.57,1510
0.008,1.57,9800,3983,259.82,2049
0.008,0.78,17700,2190,303.71,2009
0.00607,0.79,9800,7462,281.01,3352
0.008,0.79,12750,989,128.03,2443
0.008,0.79,12750,989,239.74,1739
0.008,1.6,14700,3989,270.51,2365
0.00607,0.79,7850,4024,278.09,2478
0.008,1.57,12750,2718,187.65,2638
0.00384,0.8,7850,5015,194.42,3820
0.008,1.57,12750,3978,250.97,2524
0.008,1.57,17700,512,316.12,448
0.008,1.57,4900,2201,154.52,3030
0.008,0.78,7850,1614,218.89,2993
0.008,0.69,9800,5046,252.62,3945
0.008,2.23,12750,1620,199,1314
0.00607,0.79,12750,4936,311.69,2107
0.008,1.57,12750,4000,310.68,1492
0.008,1.6,14700,3202,278.69,1892
0.008,0.78,9800,2217,207.98,3255
0.011,6,17700,2211,260.27,818
0.011,6,9800,2287,259.82,760
0.008,1.57,9800,2223,120.9,2935
0.008,1.57,12750,4995,244.86,3255
0.008,1.57,7850,4011,261.13,2112
0.008,1.57,14700,2190,279.67,1434
0.008,0.78,7850,1000,78.77,3313
0.00607,0.79,12750,3189,261.13,2577
0.008,2.44,14700,3202,290.87,1339
0.008,1.57,14700,4990,292,2529
0.008,1.57,9800,2696,188.63,2504
0.008,0.78,9800,3999,244.67,3610
0.008,1.6,7850,2707,200.49,2452
0.008,5.03,12750,1598,284.59,419
0.008,1.57,17700,2696,328.28,1323
0.008,0.78,4900,2679,220.23,3779
0.008,0.79,9800,983,259.82,1925
0.008,2.44,17700,3191,286.12,1604
0.008,1.57,14700,2712,229.46,2259
0.008,5.03,9800,2693,239.59,841
0.008,1.57,4900,1001,115.56,2226
0.00384,0.8,9800,4991,271.87,2543
0.008,2.54,17700,1606,311.96,686
0.008,0.78,4900,1634,148.7,4051
0.008,0.79,4900,989,95.61,3700
0.008,2.44,17700,2707,281.01,1427
0.008,2.51,4900,990,251.35,1008
0.008,2.44,17700,2701,313.01,1155
0.008,1.57,14700,996,285.9,878
0.00384,1.55,7850,3960,247.99,1697
0.00607,0.79,14700,999,290.87,1159
0.008,2.23,9800,4060,239.59,1821
0.008,5.03,9800,3190,288,732
0.008,3.49,12750,2004,230.69,914
0.008,2.44,9800,3983,281.97,1410
0.011,6,17700,3193,317.15,851
0.008,2.54,17700,1606,260.27,933
0.011,6,12750,3714,310.68,818
0.011,6,14700,2185,280.65,618
0.008,1.57,12750,990,209.1,1260
0.008,1.57,4900,2212,185.98,2792
0.008,1.57,17700,2179,248.05,1856
0.008,5.03,17700,1614,164.8,761
0.008,0.78,9800,1000,249.71,2061
0.008,0.78,7850,2211,111.67,4744
0.008,3.49,4900,2004,240.34,1037
0.008,0.78,12750,1619,203.06,2754
0.008,1.57,17700,501,203.85,716
0.008,0.78,9800,1603,118.06,3951
0.00607,0.79,7850,2689,182.18,3551
0.008,1.57,14700,3180,197.87,2962
0.008,0.78,9800,2695,177.44,4271
0.008,1.57,12750,2679,249.92,1910
0.008,1.6,7850,2696,290.07,1653
0.00607,0.79,7850,2699,217.79,3114
0.008,0.78,9800,3999,230.37,3961
0.00607,0.79,12750,3217,209.1,3551
0.011,6,12750,1611,270.26,502
0.011,6,12750,1617,290.66,430
0.008,2.54,17700,754,332.27,336
0.00607,0.79,7850,2209,231.91,2796
0.008,5.03,17700,2206,304.81,558
0.008,2.44,9800,1590,149.16,1600
0.008,6.05,7850,1603,127.77,774
0.00607,0.79,7850,7443,253.17,3855
0.008,2.44,14700,2190,296.11,942
0.011,6,9800,3100,289.86,789
0.008,1.57,17700,2690,265.45,2049
0.008,1.57,2940,1590,159.82,2570
0.00607,0.79,14700,4014,260.3,3266
0.008,1.57,14700,1601,270.51,1222
0.011,6,9800,3100,299.79,741
0.008,2.54,12750,3989,270.26,1532
0.008,6.05,4900,1592,211.25,629
0.011,6,14700,1606,311.31,384
0.008,1.57,9800,3234,188.63,2812
0.00384,1.55,14700,4008,307.14,1226
0.008,1.57,7850,2718,184.23,2630
0.008,5.03,12750,1614,259.08,490
0.008,0.79,2940,3966,178.87,4889
0.008,3.49,17660,2004,322.21,596
0.008,2.54,9800,2685,289.86,1087
0.008,1.57,4900,2701,175.73,3149
0.008,0.79,7850,995,94.78,3058
0.008,5.03,17700,3190,305.9,822
0.008,1.57,14700,2190,330.83,860
0.011,6,17700,1579,239.68,643
0.008,5.03,9800,3201,295.88,696
0.008,0.78,2940,1623,100.66,4656
0.008,0.78,7850,1608,107.87,4138
0.008,1.57,7850,4077,198.48,2971
0.008,1.57,4900,4005,180.75,3399
0.008,1.57,14700,1001,303.23,751
0.008,5.03,9800,2720,262.87,734
0.008,0.79,4900,989,114.61,3586
0.008,2.23,9800,4049,279.86,1456
0.008,1.57,17700,1601,317.15,921
0.008,0.78,7850,2217,158.92,4088
0.008,0.78,9800,3972,214.19,4318
0.008,2.44,14700,1034,199.9,877
0.008,1.57,2940,1590,90.67,3091
0.011,6,17700,997,198.64,486
0.008,2.54,9800,2718,279.86,1158
0.00607,0.79,9800,2199,299.79,1822
0.008,0.79,7850,983,260.12,2246
0.00607,0.79,9800,4956,250.75,3352
0.008,3.49,17660,2004,153.65,1320
0.008,0.78,9800,1614,181.56,3199
0.008,0.78,9800,1000,240.44,2121
0.008,2.44,9800,1584,138.13,1641
0.008,3.49,12750,2004,107.84,1406
0.008,3.49,14710,2004,67.3,1597
0.008,3.49,17660,999,229.52,567
0.008,1.57,9800,3983,209.09,2911
0.011,6,12750,2685,249.92,823
0.008,2.54,7850,1606,148.91,1665
0.008,3.49,2940,2004,165.82,1279
0.008,1.6,14700,3169,250.07,2223
0.008,2.44,9800,1601,168.46,1531
0.008,3.49,14710,999,114.47,813
0.008,5.03,12750,2698,267.24,689
0.008,2.44,14700,3191,258.23,1584
0.011,6,12750,2117,260.1,663
0.008,1.57,17700,1601,244.85,1442
0.008,1.57,14700,996,272.52,941
0.008,1.57,12750,3228,300.75,1419
0.008,1.57,7850,3261,240.01,2275
0.008,1.97,4900,1590,235.27,1684
0.008,0.78,9800,3195,234.46,3510
0.008,3.49,9810,2004,103.9,1516
0.008,1.57,9800,990,258.8,1224
0.008,1.57,12750,1620,270.26,1235
0.008,1.57,2940,2723,194.02,3000
0.008,5.03,14700,1603,199.9,647
0.008,1.57,14700,4979,270.51,2972
0.008,1.57,12750,2737,239.74,2096
0.00607,0.79,14700,2199,320.29,1358
0.008,0.78,7850,1581,271.1,2460
0.008,1.57,17700,3989,337.11,1738
0.008,0.78,7850,3934,258.09,2926
0.00607,0.79,12750,4053,291.59,2372
0.008,3.49,14710,1000,153.92,735
0.008,5.03,9800,2693,279.86,644
0.008,2.44,12750,2657,300.75,933
0.008,1.6,14700,3191,230.55,2515
0.008,2.54,12750,4000,290.66,1316
0.011,6,12750,3758,300.75,871
0.008,1.57,9800,4979,299.79,1601
0.008,1.57,17700,1601,337.11,771
0.011,6,9800,2132,229.29,825
0.008,2.23,12750,1620,249.92,1082
0.008,0.78,9800,1581,148.22,3594
0.008,5.03,17700,1598,158.73,776
0.008,5.03,14700,2709,281.63,704
0.008,1.57,9800,2234,198.8,2209
0.008,0.78,4900,2706,163.78,4423
0.008,1.57,4900,4902,221.31,3136
0.008,2.51,2940,990,124.79,1337
0.008,1.57,14700,3185,239.85,2405
0.008,1.57,4900,4902,229.3,3060
0.008,2.51,2940,996,114.64,1364
0.00384,0.8,14700,4008,310.28,1837
0.008,3.49,12750,1002,130.87,807
0.011,6,9800,2141,219.26,869
0.008,3.49,12750,2004,73.63,1545
0.00607,0.79,9800,2708,143.07,4134
0.008,2.51,2940,996,203.17,1090
0.00607,0.79,17700,1604,306.8,1305
0.008,1.57,9800,2696,198.8,2380
0.008,1.57,12750,2679,310.68,1098
0.008,2.44,14700,2696,267.47,1303
0.008,2.54,9800,4022,269.88,1446
0.008,1.57,12750,996,239.74,1120
0.008,2.44,12750,3983,310.68,1108
0.008,0.78,9800,3173,247.62,3185
0.00384,1.55,9800,3984,260.84,1526
0.008,0.78,4900,1634,139.58,4088
0.008,0.79,4900,983,206.16,3064
0.008,0.79,4900,983,154.52,3379
0.011,6,9800,2149,249.71,736
0.008,0.78,17700,2684,311.96,2298
0.008,0.78,9800,1614,99.03,4194
0.008,1.6,9800,2707,269.88,1651
0.011,6,17700,3009,311.96,843
0.008,1.57,7850,3228,169.1,3050
0.00607,0.79,14700,1604,271.52,1656
0.008,1.57,17700,501,234.48,650
0.008,1.57,17700,4990,286.12,3002
0.008,1.57,17700,1620,251.02,1437
0.008,0.97,9800,1595,259.82,2047
0.008,0.79,9800,989,107.84,2867
0.008,1.57,14700,2690,267.47,1776
0.008,1.6,14700,3180,234.68,2440
0.008,0.78,2940,2211,169.96,4413
0.008,0.78,9800,1619,68.88,4471
0.00607,0.79,12750,3189,311.69,1550
0.011,6,12750,988,209.1,487
0.008,1.57,7850,4979,256.05,2269
0.00384,0.8,12750,3960,280.53,2097
0.008,1.57,9800,2718,249.71,1915
0.008,1.57,9800,1001,269.88,1166
0.008,0.78,4900,3200,215.2,3836
0.00607,0.79,9800,2209,269.88,2166
0.00607,0.79,12750,2209,199.9,2895
0.008,2.23,9800,4071,194.74,2389
0.011,6,14700,3079,290.87,821
0.008,1.57,7850,2690,204.52,2433
0.008,3.49,14710,2004,215.23,995
0.008,1.6,9800,2679,235.54,1979
0.00384,1.55,14700,3984,272.52,1585
0.008,1.57,7850,4979,250.07,2231
0.008,1.57,12750,3239,323.36,1125
0.008,3.49,9810,2004,263.76,909
0.00607,0.79,12750,2708,278.38,2113
0.00607,0.79,9800,2199,286.88,1981
0.008,0.78,4900,2222,201.05,3845
0.008,1.57,9800,1601,83.98,2643
0.008,2.44,12750,1590,309.66,661
0.011,6,17700,2284,322.17,541
0.008,0.97,12750,3978,264.2,3316
0.008,5.03,17700,2671,320.18,603
0.008,6.05,7850,2681,251.11,745
0.008,3.49,14710,999,124.69,793
0.008,5.03,12750,1614,161.38,765
0.008,2.44,12750,1595,149,1462
0.00384,0.8,9800,5015,197.9,3758
0.008,2.54,9800,2696,219.26,1571
0.008,2.44,9800,2190,230.37,1422
0.008,1.57,14700,1601,321.25,817
0.008,1.57,12750,2201,209.1,2044
0.008,1.57,12750,2201,168.34,2443
0.008,0.78,7850,2206,170.02,3921
0.008,0.78,7850,1625,74.7,4517
0.00607,0.79,12750,2209,188.79,3054
0.008,1.57,12750,3239,310.68,1265
0.008,1.57,14700,3978,271.52,2441
0.008,1.57,12750,1001,260.1,1019
0.008,1.57,4900,2201,175.73,2883
0.008,1.57,12750,2707,219.31,2302
0.008,0.78,7850,1597,260.12,2546
0.008,1.57,7850,2206,184.23,2489
0.008,3.49,14710,999,186.57,666
0.008,3.49,4900,2004,153.59,1473
0.008,1.57,14700,3174,250.91,2286
0.00607,0.79,12750,2209,260.1,2140
0.008,0.78,4900,3217,230.37,3599
0.008,1.57,9800,3234,269.88,1795
0.008,1.57,12750,2201,239.74,1740
0.00607,0.79,14700,3189,268.49,2663
0.008,0.78,7850,2217,135.78,4305
0.008,1.57,12750,1601,189.71,1813
0.008,1.57,7850,4011,250.07,2226
0.008,1.57,9800,1601,55.68,2868
0.008,2.23,17700,1625,281.01,958
0.00384,0.8,9800,5015,219.26,3394
0.008,1.57,4900,3202,169.77,3326
0.011,6,17700,1573,249.96,614
0.011,6,17700,1567,281.01,525
0.011,6,17700,2243,322.17,552
0.008,0.78,9800,1000,289.86,1729
0.008,1.57,17700,3989,275.82,2673
0.008,0.78,14700,1603,229.46,2287
0.008,0.78,7850,3200,217.79,3713
0.008,3.49,14710,2004,122.55,1377
0.008,1.57,7850,3196,256.05,2102
0.008,0.78,9800,2695,238.53,3140
0.008,1.57,7850,4011,270.11,2026
0.00607,0.79,9800,4024,281.01,2239
0.00384,0.8,7850,4991,246.11,3052
0.008,5.03,17700,2715,261.31,888
0.008,3.49,2940,2004,180.01,1221
0.011,6,12750,1603,239.74,607
0.00607,0.79,12750,2708,237.81,2829
0.008,3.49,14710,999,149.94,741
0.008,2.44,14700,2657,326.09,840
0.008,1.57,12750,3987,229.6,2986
0.008,1.57,9800,2707,259.82,1801
0.011,6,14700,997,311.31,277
0.008,0.78,7850,2706,158.92,4499
0.011,6,9800,991,279.86,373
0.011,6,12750,2158,249.92,696
0.008,1.57,17700,1601,306.8,1029
0.008,0.78,7850,994,275.19,2177
0.008,1.57,9800,3250,229.29,2326
0.008,5.03,17700,2687,296.48,728
0.008,0.79,12750,989,219.31,1878
0.008,6.05,7850,1603,166.1,700
0.00607,0.79,12750,2708,199.9,3326
0.008,2.51,4900,996,158.69,1318
0.008,1.57,4900,2690,185.98,3038
0.011,6,14700,3074,321.25,637
0.011,6,12750,2187,320.44,393
0.008,1.57,9800,3196,158.26,3174
0.008,1.57,14700,1601,240.71,1429
0.00607,0.79,12750,4053,280.53,2630
0.008,2.44,14700,2201,285.9,993
0.008,0.78,7850,1603,67.75,4618
0.008,1.57,4900,1001,201.05,1859
0.008,1.97,12750,1001,214.22,1029
0.008,1.6,14700,3989,260.3,2572
0.008,1.57,12750,4000,239.74,2764
0.008,1.57,9800,3234,200.83,2677
0.008,0.79,4900,983,174.81,3219
0.011,6,17700,1009,249.96,400
0.008,3.49,12750,1001,219.31,619
0.008,1.57,7850,1606,182.18,2198
0.008,3.49,12750,999,231.56,605
0.011,6,17700,1570,311.96,425
0.008,1.57,9800,4010,289.86,1616
0.008,1.57,12750,2690,129.93,3275
0.008,1.57,9800,2228,282.92,1524
0.008,1.57,12750,3978,261.13,2390
0.011,6,12750,2179,270.26,616
0.011,6,12750,3158,280.53,823
0.008,0.97,9800,4000,253.65,2952
0.008,1.97,12750,1012,223.49,982
0.008,1.57,17700,2685,296.48,1707
0.008,0.78,4900,1623,180.75,3883
0.008,1.57,4900,4016,210.15,3098
0.008,1.57,9800,2690,120.9,3243
0.008,1.57,9800,5034,230.37,3010
0.008,0.79,2940,983,200.05,3141
0.008,1.57,9800,3169,152.2,3253
0.008,1.57,7850,4038,275.19,1997
0.008,1.57,9800,4021,271.87,1894
0.00384,0.8,9800,3964,253.65,2439
0.008,1.57,7850,2206,204.52,2324
0.00607,0.79,9800,3198,172.38,4087
0.011,6,14700,2636,260.3,888
0.008,0.78,9800,2217,180.64,3679
0.008,0.97,9800,1595,300.85,1670
0.008,1.57,9800,3180,299.79,1437
0.008,2.44,9800,1590,199.93,1365
0.008,3.49,4900,2004,225.21,1140
0.011,6,17700,2217,270.56,808
0.008,3.49,14710,999,227.58,576
0.008,0.78,7850,2217,144.93,4219
0.008,1.6,9800,4995,279.86,1830
0.008,2.44,14700,3191,281.63,1418
0.008,1.6,9800,2696,279.86,1544
0.008,1.57,14700,1012,260.3,969
0.008,1.57,2940,2690,183.87,3086
0.008,0.78,9800,1000,259.82,1996
0.008,1.57,12750,2690,178.49,2714
0.00607,0.79,9800,1585,245.52,2219
0.008,1.57,4900,1001,143.56,2102
0.008,5.03,14700,3207,334.62,565
0.008,1.57,12750,3989,229.6,2995
0.008,3.49,12750,999,82.74,914
0.008,0.78,14700,1603,279.67,1765
0.008,2.44,9800,2201,250.75,1305
0.008,1.57,12750,1601,147.12,2094
0.008,5.03,14700,1609,221.35,605
0.008,0.78,9800,1603,107.84,4103
0.008,0.78,2940,1722,189.97,4183
0.008,0.79,9800,995,184.76,2339
0.00384,0.8,9800,5015,182.7,3986
0.008,0.79,2940,3983,167.89,4964
0.008,1.57,7850,1606,164.02,2289
0.00607,0.79,14700,2708,224.43,3067
0.008,1.97,12750,996,255.14,861
0.008,0.79,2940,995,139.82,3488
0.011,6,9800,1550,239.59,610
0.008,5.03,14700,2709,332.68,442
0.008,2.44,14700,2173,219.36,1423
0.011,6,17700,1585,219.08,703
0.008,5.03,12750,1603,222.39,589
0.00384,0.8,9800,4008,277.93,2180
0.008,0.78,9800,4972,253.65,3720
0.008,0.78,7850,1603,86.66,4365
0.008,0.78,4900,2190,145.66,4413
0.008,1.57,17700,1601,274.82,1242
0.00384,0.8,7850,5015,182.18,3986
0.008,1.57,4900,3961,242.23,2681
0.008,5.03,14700,2698,242.85,864
0.008,0.78,9800,2217,169.38,3815
0.00607,0.79,14700,1604,310.28,1245
0.008,1.57,7850,5012,270.11,2036
0.011,6,14700,2212,198.77,977
0.008,2.44,14700,2696,286.86,1184
0.008,1.57,4900,3213,179.84,3250
0.008,1.6,9800,2679,259.82,1738
0.008,0.78,4900,2222,188.92,3931
0.008,2.51,2940,996,94.71,1451
0.00607,0.79,12750,4053,260.1,3153
0.008,1.57,9800,3169,249.71,1975
0.008,1.57,7850,4000,209.63,2744
0.008,2.54,12750,4000,282.47,1407
0.00607,0.79,9800,5004,259.82,3087
0.011,6,9800,2117,289.86,552
0.008,2.44,12750,1590,97.82,1675
0.008,3.49,12750,998,184.68,706
0.008,1.6,14700,3213,288.97,1740
0.011,6,12750,3129,320.44,611
0.011,6,12750,2091,320.44,377
0.008,1.57,17700,1631,228.36,1524
0.008,2.44,14700,2179,256.15,1259
0.008,2,12750,4984,280.53,2053
0.008,1.57,14700,2195,228.59,1894
0.008,1.57,9800,2690,168.46,2727
0.008,1.57,9800,3967,192.71,3164
0.008,1.57,9800,2228,270.88,1623
0.008,1.6,9800,2696,289.86,1456
0.011,6,9800,977,289.86,338
0.008,1.57,12750,1595,269.25,1237
0.008,0.78,12750,1603,233.72,2425
0.008,0.78,7850,4999,225.86,4323
0.008,3.49,9810,2004,190.77,1183
0.008,0.79,14700,995,261.33,1454
0.008,1.57,9800,2201,224.29,1973
0.008,0.78,14700,1011,290.87,1278
0.008,1.57,4900,1601,120.52,2906
0.008,3.49,12750,2004,130.87,1308
0.008,0.69,9800,4957,264.89,3800
0.008,0.79,9800,989,128,2701
0.008,0.78,9800,2217,190.67,3512
0.008,1.57,9800,4962,250.75,2453
0.008,3.49,14710,999,266.33,480
0.008,5.03,12750,3207,279.56,749
0.008,1.6,14700,3207,259.27,2116
0.008,2.54,12750,4011,310.68,1121
0.00607,0.79,9800,3198,299.79,1921
0.00607,0.79,17700,4014,316.12,2550
0.008,1.57,7850,1001,199.6,1720
0.008,0.78,2940,3195,149.85,5103
0.008,0.78,7850,1619,96.68,4264
0.008,0.78,2940,1710,212.21,3962
0.008,1.57,7850,1595,246.11,1758
0.011,6,17700,1009,281.01,342
0.008,0.97,9800,1595,250.75,2116
0.008,1.57,2940,2206,215.28,2413
0.008,0.78,14700,1000,281.63,1359
0.008,0.78,7850,994,234.05,2453
0.00607,0.79,7850,2199,285.09,2206
0.008,0.78,9800,1587,111.88,4072
0.008,1.57,17700,2685,286.12,1854
0.008,5.03,17700,2201,232.52,815
0.008,5.03,17700,2206,296.48,584
0.011,6,14700,2705,311.31,612
0.011,6,12750,1597,260.1,536
0.008,1.57,12750,2652,280.53,1502
0.008,1.6,9800,5034,289.86,1666
0.008,0.78,9800,3966,267.89,2926
0.00607,0.79,7850,1604,276.16,2173
0.00384,0.8,9800,5015,258.8,2699
0.011,6,17700,3164,306.8,920
0.008,0.78,2940,1722,138.65,4604
0.008,1.57,9800,3185,198.8,2572
0.008,1.57,17700,996,119.29,1462
0.008,1.57,14700,1601,250.07,1373
0.00607,0.79,12750,2718,230.69,2994
0.008,1.57,12750,2690,168.34,2845
0.008,2.44,17700,2718,248.9,1665
0.008,1.57,7850,1595,255.02,1700
0.008,5.03,12750,2715,248.87,768
0.008,1.57,17700,501,194.55,739
0.00384,0.8,12750,4008,249.92,2533
0.008,0.78,4900,2706,243.28,3485
0.008,0.79,14700,1000,167.12,2034
0.008,1.6,14700,2696,188.54,2634
0.008,2.44,12750,2432,290.66,1020
0.008,2.54,17700,1606,278.82,840
0.008,1.57,4900,3213,190.05,3172
0.008,3.49,14710,2004,67.3,1632
0.008,1.6,7850,2707,220.86,2236
0.008,1.57,4900,1001,231.23,1695
0.011,6,12750,1591,199,715
0.00607,0.79,12750,4053,301.82,2073
0.011,6,9800,974,178.58,605
0.008,1.57,7850,3239,261.13,2073
0.008,5.03,9800,995,252.62,437
0.008,2.44,17700,3191,297.6,1485
0.008,0.79,7850,995,250.07,2292
0.008,3.49,14710,999,280.73,475
0.008,0.78,7850,2211,121.86,4542
0.008,1.57,9800,1001,290.97,1040
0.008,0.79,2940,989,180.92,3219
0.008,1.57,12750,996,201.93,1280
0.008,1.57,12750,3191,248.87,2195
0.008,0.78,12750,1000,249.92,1720
0.008,2.44,14700,996,276.51,637
0.008,1.57,17700,3202,296.48,1988
0.011,6,17700,2623,322.17,683
0.011,6,9800,2720,299.79,649
0.008,1.57,7850,3239,189.45,2787
0.011,6,17700,1573,270.56,563
0.011,6,17700,2594,301.7,778
0.008,1.57,14700,2195,219.36,1980
0.00607,0.79,9800,1604,219.26,2495
0.00607,0.79,7850,5004,246.11,3213
0.008,2,12750,4979,319.5,1451
0.00607,0.79,12750,2199,230.69,2531
0.008,2.44,12750,1590,262.16,895
0.00607,0.79,14700,4014,290.87,2696
0.008,2.54,9800,4016,290.97,1273
0.008,1.57,14700,1018,270.51,946
0.008,0.78,2940,1617,110.62,4672
0.011,6,9800,3740,289.86,943
0.008,2.44,12750,1590,115.94,1605
0.008,2.44,12750,3185,291.59,1105
0.008,0.78,14700,1016,198.77,1913
0.008,2.44,17700,3961,333.17,1340
0.008,0.78,14700,1016,209.12,1862
0.008,0.78,12750,994,310.68,1202
0.008,2.54,7850,1595,241.07,1188
0.008,1.57,7850,1601,216.7,2001
0.008,1.57,14700,2195,260.3,1642
0.008,3.49,12750,1001,114.75,851
0.008,0.79,2940,995,108.72,3679
0.008,1.57,12750,1601,46.45,2764
0.008,0.78,7850,2662,205.63,3688
0.008,0.78,7850,2646,218.89,3475
0.00607,0.79,7850,3217,262.14,2637
0.008,2.54,17700,4011,322.17,1455
0.008,1.6,9800,4990,270.88,1979
0.00607,0.79,9800,2708,259.82,2358
0.008,1.57,14700,1601,158.04,1993
0.008,1.57,12750,2707,199,2517
0.008,3.49,14710,1001,316.27,382
0.008,2.44,14700,2696,234.68,1560
0.008,1.57,7850,1612,265.15,1609
0.008,3.49,12750,999,141.95,793
0.008,1.57,12750,4968,253.06,3086
0.00384,1.55,2940,4008,202.06,1858
0.008,0.78,7850,3206,242.96,3145
0.008,5.03,14700,3179,283.77,799
0.011,6,12750,2100,310.68,429
0.008,2.23,9800,4099,229.29,1995
0.00607,0.79,17700,2199,281.01,2067
0.00607,0.79,14700,2209,229.46,2550
0.008,1.57,9800,4979,260.84,2266
0.008,2.51,2940,990,103.74,1408
0.008,1.57,17700,1601,224.4,1593
0.008,3.49,14710,2004,95.37,1502
0.008,3.49,14710,2004,320.2,536
