Diameter,Length,Pressure,Mass flux,Temperature,CHF
0.01,1.0,9800.0,676.0,117.81999999999998,1011.3467827439308
0.01,1.0,9800.0,849.0,121.14,1179.6171613037586
0.01,1.0,9800.0,1001.0,123.51,1353.3942976593971
0.01,1.0,9800.0,1164.0,125.4,1525.9894968569279
0.01,1.0,9800.0,1313.0,124.92,1685.4408058524132
0.01,1.0,9800.0,1352.0,114.96999999999998,1751.5019334852695
0.01,1.0,9800.0,1514.0,116.15999999999998,1901.3764832913876
0.01,1.0,9800.0,1861.0000000000002,133.66,2157.0759198069572
0.01,1.0,9800.0,1946.0,125.63,2263.802205622196
0.01,1.0,9800.0,2330.9999999999995,135.78,2527.403520345688
0.01,1.0,9800.0,2536.0,135.08,2677.431480586529
0.01,1.0,9800.0,2791.0,139.08,2843.013002872467
0.01,2.0,9800.0,474.0,103.56,536.4958589524031
0.01,2.0,9800.0,517.0,99.74,579.7636364400387
0.01,2.0,9800.0,581.0,95.45,640.2036816626787
0.01,2.0,9800.0,619.0,95.93,670.966139882803
0.01,2.0,9800.0,662.0,99.74,698.8307765126228
0.01,2.0,9800.0,842.0,104.51,844.8636357486248
0.01,2.0,9800.0,871.0,105.7,869.5386889576913
0.01,2.0,9800.0,888.0,114.02000000000001,868.4233612567187
0.01,2.0,9800.0,973.0,113.55000000000001,945.6476360559465
0.01,2.0,9800.0,1150.0,121.14,1091.8641366064548
0.01,2.0,9800.0,1422.0,139.31,1337.8040750324726
0.01,2.0,9800.0,1787.0,141.19,1669.2740532755852
0.01,2.0,9800.0,1956.0,143.3,1797.3587940633297
0.01,2.0,9800.0,2031.0,147.05,1847.1654093265533
0.01,2.0,9800.0,2473.0,157.56,2095.762957930565
0.01,2.0,9800.0,2745.0,161.04,2268.75939309597
0.01,2.0,9800.0,506.0,173.76,415.7290215045214
0.01,2.0,9800.0,701.0,188.39999999999998,538.8764843344688
0.01,2.0,9800.0,871.0,199.7,662.511702105403
0.01,2.0,9800.0,871.0,196.54999999999998,669.4557239115238
0.01,2.0,9800.0,1069.0,199.93000000000004,838.5257543623447
0.01,2.0,9800.0,1115.0,196.99999999999997,889.0123952180148
0.01,2.0,9800.0,1178.0,194.74,951.5721552819014
0.01,2.0,9800.0,1497.0,198.13,1265.8922569453716
0.01,2.0,9800.0,1638.0,201.27,1369.6123750507832
0.01,2.0,9800.0,2016.0000000000002,206.87,1656.2394680082798
0.01,2.0,9800.0,2026.9999999999998,211.31999999999996,1652.7098999917507
0.01,2.0,9800.0,3101.9999999999995,219.92000000000002,2312.4556481838226
0.01,2.0,9800.0,3138.0,223.64,2325.1537457108498
0.01,2.0,9800.0,3325.0,217.72,2469.942514002323
0.01,2.0,9800.0,3516.0,219.92000000000002,2581.2740457057953
0.01,2.0,9800.0,3798.9999999999995,223.64,2724.3951523303986
0.01,2.0,9800.0,4188.0,226.91,2933.7812194228172
0.01,2.0,9800.0,4252.0,224.51,2980.9095817804337
0.01,2.0,9800.0,4418.0,224.51,3084.567433297634
0.01,2.0,9800.0,4800.0,230.16,3309.1808396577835
0.01,2.0,9800.0,5221.0,234.89,3594.095150232315
0.01001,3.0000000000000004,9800.0,481.00000000000006,208.43,28.43249255791307
0.01001,3.0000000000000004,9800.0,541.0,211.98,67.31440953910351
0.01001,3.0000000000000004,9800.0,558.0,205.98,95.83384646102786
0.01001,3.0000000000000004,9800.0,636.0,207.76,153.30076079815626
0.01001,3.0000000000000004,9800.0,714.0,203.74000000000004,222.9459397122264
0.01001,3.0000000000000004,9800.0,816.0,198.35,314.92786122486
0.01001,3.0000000000000004,9800.0,911.0,202.84,377.7931026369334
0.01001,3.0000000000000004,9800.0,1063.0,199.48,516.013704687357
0.01001,3.0000000000000004,9800.0,1247.0,202.17,666.3483729958534
0.01001,3.0000000000000004,9800.0,1395.0,207.54,784.6342478692532
0.01001,3.0000000000000004,9800.0,1515.0,206.87,892.3668384552003
0.01001,3.0000000000000004,9800.0,1659.0,209.76,1031.724877357483
0.01001,3.0000000000000004,9800.0,2041.0,205.31,1355.7400108873844
0.01001,3.0000000000000004,9800.0,3205.9999999999995,213.31,1995.1809856295586
0.01001,3.0000000000000004,9800.0,3488.0,213.31,2174.459352493286
0.01001,3.0000000000000004,9800.0,3841.0,212.2,2376.015847325325
0.01001,3.0000000000000004,9800.0,4173.0,211.54,2555.2019423246384
0.01001,3.0000000000000004,9800.0,4744.0,213.75000000000003,2869.4744980335236
0.01001,3.0000000000000004,9800.0,5045.0,214.63999999999996,3056.9799506664276
0.01001,3.0000000000000004,9800.0,5214.0,204.19000000000003,3199.9302753806114
0.01001,3.0000000000000004,9800.0,5458.0,214.86,3328.0674690008163
0.01001,3.0000000000000004,9800.0,6838.0,214.63999999999996,4394.545677900315
0.01001,3.0000000000000004,9800.0,7419.999999999999,210.65,4910.160856246949
0.01001,3.0000000000000004,9800.0,473.0,288.19,-154.14663799107075
0.01001,3.0000000000000004,9800.0,869.0,286.51,153.55240749195218
0.01001,3.0000000000000004,9800.0,1179.0,286.51,419.7438628226519
0.01001,3.0000000000000004,9800.0,1571.0,285.19,777.0085084438324
0.01001,3.0000000000000004,9800.0,2281.0,286.88,1269.4545374810696
0.01001,3.0000000000000004,9800.0,3296.9999999999995,283.49,1865.9932689368725
0.01001,3.0000000000000004,9800.0,3967.9999999999995,286.13,2239.724889099598
0.01001,3.0000000000000004,9800.0,4628.0,285.57,2581.3911339640617
0.01001,3.0000000000000004,9800.0,5563.0,290.05,3136.2823164463043
0.01,4.966,9800.0,527.0,210.21,-439.0747667849064
0.01,4.966,9800.0,595.0,207.98000000000002,-383.8673710078001
0.01,4.966,9800.0,704.0,204.19000000000003,-290.45547530055046
0.01,4.966,9800.0,1047.0,203.29,-33.526823576539755
0.01,4.966,9800.0,1235.0,208.65,98.90174495056272
0.01,4.966,9800.0,1603.0,206.2,401.91198661923414
0.01,4.966,9800.0,2193.0,207.76,841.0666146874428
0.01,4.966,9800.0,2639.0,213.09,1076.4664666354656
0.01,4.966,9800.0,3771.0000000000005,207.98000000000002,1711.26576051116
0.01,4.966,9800.0,4570.0,209.32,2094.07882720232
0.01,4.966,9800.0,6632.0,208.2,3248.488287627697
0.01,4.966,9800.0,602.0,288.38,-497.6514956355095
0.01,4.966,9800.0,708.0,289.49,-432.4722523987293
0.01,4.966,9800.0,747.0,288.38,-403.3674728870392
0.01,4.966,9800.0,1001.0,289.49,-216.22022233903408
0.01,4.966,9800.0,1164.0,288.94,-96.3974935747683
0.01,4.966,9800.0,1861.0000000000002,289.49,476.57374314963823
0.01,4.966,9800.0,2465.9999999999995,289.86,800.6286393105984
0.01,4.966,9800.0,2702.9999999999995,289.49,941.9304222613574
0.01,4.966,9800.0,2978.9999999999995,288.56,1098.1782168149948
0.01,4.966,9800.0,3322.0,290.05,1281.9996757805347
0.01,4.966,9800.0,4811.0,289.49,2014.423730224371
0.01,4.966,9800.0,5472.0,290.05,2346.1824810504913
0.01,4.966,9800.0,6197.0,290.6,2724.3152886629105
0.01,4.966,9800.0,6643.0,289.12,2983.6673599481583
0.01,1.0,11760.0,368.0,97.80000000000001,762.6551574468613
0.01,1.0,11760.0,446.0,91.82000000000001,845.4011362791061
0.01,1.0,11760.0,598.0,104.00000000000001,944.6417824923993
0.01,1.0,11760.0,743.0,104.96,1079.8002107441425
0.01,1.0,11760.0,913.0,123.02,1225.9336891770363
0.01,1.0,11760.0,1192.0,126.1,1531.3304360210896
0.01,1.0,11760.0,1408.0,127.99,1744.7607856988907
0.01,2.0,11760.0,397.0,98.03999999999999,464.62656714022165
0.01,2.0,11760.0,432.0,100.89999999999999,485.94712071120745
0.01,2.0,11760.0,517.0,101.86000000000001,553.3530712872744
0.01,2.0,11760.0,616.0,101.86000000000001,636.5812213718891
0.01,2.0,11760.0,641.0,101.86000000000001,656.0943518579006
0.01,2.0,11760.0,669.0,100.89999999999999,681.6307031363249
0.01,2.0,11760.0,747.0,101.86000000000001,743.7811055034399
0.01,2.0,11760.0,782.0,101.86000000000001,772.2182676196098
0.01,2.0,11760.0,807.0,103.05000000000001,792.0639377832413
0.01,2.0,11760.0,846.0,104.00000000000001,826.3049212098122
0.01,2.0,11760.0,892.0,105.91000000000001,863.412085324526
0.01,2.0,11760.0,1051.0,113.04999999999998,994.8611395061016
0.01,2.0,11760.0,1108.0,113.04999999999998,1057.0857090502977
0.01,2.0,11760.0,1146.0,114.0,1098.6345000565052
0.01,2.0,11760.0,1242.0,114.95,1206.0626386106014
0.01,2.0,11760.0,1454.0,114.0,1437.646857202053
0.01,2.0,11760.0,1574.0,118.99,1543.4326016902924
0.01,2.0,11760.0,1656.0,121.12,1603.6509349942207
0.01,2.0,11760.0,2186.0,129.18,1989.2292247712612
0.01,2.0,11760.0,2229.0,130.12,2011.527093052864
0.01,2.0,11760.0,2458.9999999999995,135.08,2147.7474373579025
0.01,2.0,11760.0,2625.0,139.08,2246.4602839946747
0.01,2.0,11760.0,2734.0,140.26,2317.9633083939552
0.01,2.0,11760.0,361.0,169.66,267.2774239815772
0.01,2.0,11760.0,466.99999999999994,171.51,352.1401284076274
0.01,2.0,11760.0,517.0,171.51,392.56850153207785
0.01,2.0,11760.0,605.0,174.74,461.11769825220114
0.01,2.0,11760.0,1980.9999999999998,210.34,1599.2964474856853
0.01,2.0,11760.0,2130.0,212.34000000000003,1699.8589050769806
0.01,2.0,11760.0,2522.0,224.68,1903.435341566801
0.01,2.0,11760.0,3006.9999999999995,234.88,2188.658165037632
0.01,2.0,11760.0,3081.0,229.69,2258.8359940052032
0.01,2.0,11760.0,3144.9999999999995,221.62,2331.2249636650085
0.01,2.0,11760.0,4344.0,232.72,2999.1800877451897
0.01,2.0,11760.0,4584.0,232.72,3155.7144552469254
0.01,2.0,11760.0,478.0,307.74,27.516965027898554
0.01,2.0,11760.0,694.0,307.74,202.79391398653388
0.01,2.0,11760.0,757.0,305.85,260.5324973352254
0.01,2.0,11760.0,1352.0,312.6,790.4406072199345
0.01,2.0,11760.0,2055.0,313.59,1367.1234035491943
0.01,2.0,11760.0,2094.0,308.76,1404.4656465947628
0.01,2.0,11760.0,3923.0000000000005,311.7699999999999,2502.820400595665
0.01,2.0,11760.0,4156.0,309.77,2627.4857807159424
0.01,2.0,11760.0,4669.0,311.7699999999999,2924.704284965992
0.01,2.0,11760.0,5086.0,311.7699999999999,3187.243909239769
0.01,2.0,11760.0,6063.0,312.6,3896.3080665469174
0.01,2.0,11760.0,6554.0,310.7799999999999,4284.7042578458795
0.01,2.0,11760.0,7212.0,311.7699999999999,4809.014649391175
0.01001,3.0000000000000004,11760.0,385.0,218.54,-109.8398432135582
0.01001,3.0000000000000004,11760.0,462.99999999999994,221.62,-54.85530147328973
0.01001,3.0000000000000004,11760.0,516.0,214.34,4.125370588153603
0.01001,3.0000000000000004,11760.0,661.0,217.43,113.4218592941761
0.01001,3.0000000000000004,11760.0,699.0,219.41999999999996,138.26660869643092
0.01001,3.0000000000000004,11760.0,894.0,219.41999999999996,295.2264927513898
0.01001,3.0000000000000004,11760.0,1031.0,222.49,400.63230670988565
0.01001,3.0000000000000004,11760.0,1169.0,221.62,524.5769961923361
0.01001,3.0000000000000004,11760.0,1388.0,222.49,717.6955223083496
0.01001,3.0000000000000004,11760.0,1976.9999999999998,223.59,1221.3619454205036
0.01001,3.0000000000000004,11760.0,2542.0,225.56,1564.6545664966106
0.01001,3.0000000000000004,11760.0,2817.0,222.49,1731.9568800926208
0.01001,3.0000000000000004,11760.0,3124.0,223.59,1913.6351050436497
0.01001,3.0000000000000004,11760.0,3466.9999999999995,224.68,2113.7776294350624
0.01001,3.0000000000000004,11760.0,4116.0,226.65000000000003,2478.4782254695892
0.01001,3.0000000000000004,11760.0,4377.0,224.68,2620.4665765166283
0.01001,3.0000000000000004,11760.0,4688.0,225.56,2788.385803103447
0.01001,3.0000000000000004,11760.0,5652.0,217.43,3425.202669799328
0.01001,3.0000000000000004,11760.0,6358.0,228.61000000000004,3896.5708947181706
0.01001,3.0000000000000004,11760.0,6887.0,230.78,4327.072159051896
0.01001,3.0000000000000004,11760.0,375.0,300.77,-297.58127719163895
0.01001,3.0000000000000004,11760.0,406.0,300.77,-275.89366659522057
0.01001,3.0000000000000004,11760.0,476.99999999999994,299.7,-222.31275983154774
0.01001,3.0000000000000004,11760.0,530.0,301.83,-183.56444247066975
0.01001,3.0000000000000004,11760.0,636.0,302.71,-104.94736166670918
0.01001,3.0000000000000004,11760.0,777.0,304.81,-2.8294519893825028
0.01001,3.0000000000000004,11760.0,904.0,297.72,112.44705442339182
0.01001,3.0000000000000004,11760.0,1310.0,303.76,460.7109913975001
0.01001,3.0000000000000004,11760.0,1529.0,302.71,664.1493584960699
0.01001,3.0000000000000004,11760.0,3456.0,301.83,1907.6481500267982
0.01001,3.0000000000000004,11760.0,4201.0,302.71,2313.7239915132523
0.01001,3.0000000000000004,11760.0,4452.0,303.76,2435.816362798214
0.01001,3.0000000000000004,11760.0,4925.0,302.71,2693.835342526436
0.01001,3.0000000000000004,11760.0,5648.0,298.8,3143.046137392521
0.01001,3.0000000000000004,11760.0,6795.0,301.83,3941.783205866814
0.01,4.966,11760.0,485.00000000000006,222.49,-533.2767826318741
0.01,4.966,11760.0,609.0,221.62,-438.2498472929001
0.01,4.966,11760.0,779.0,221.62,-307.1254366636276
0.01,4.966,11760.0,938.0,219.41999999999996,-182.40884453058243
0.01,4.966,11760.0,1277.0,221.62,74.81637720018625
0.01,4.966,11760.0,1772.0,221.62,480.34809105098253
0.01,4.966,11760.0,3236.9999999999995,222.49,1374.9906516075134
0.01,4.966,11760.0,3686.0,222.49,1619.4289726018906
0.01,4.966,11760.0,4018.0,221.62,1789.9904683232307
0.01,4.966,11760.0,4492.0,221.62,2018.6517669260502
0.01,4.966,11760.0,4892.0,220.52,2217.0059317350388
0.01,4.966,11760.0,5663.0,222.49,2613.3905202150345
0.01,4.966,11760.0,5688.0,222.49,2626.674059033394
0.01,4.966,11760.0,400.0,302.71,-702.5423549860716
0.01,4.966,11760.0,549.0,301.83,-604.9366579204798
0.01,4.966,11760.0,644.0,303.76,-542.1880676597357
0.01,4.966,11760.0,1083.0,303.76,-219.98774573206902
0.01,4.966,11760.0,1309.0,303.76,-51.15466954186559
0.01,4.966,11760.0,1334.0,301.83,-29.941108468919992
0.01,4.966,11760.0,1539.0,303.76,129.0324849449098
0.01,4.966,11760.0,1581.0,302.71,168.80092529579997
0.01,4.966,11760.0,1914.0000000000002,300.77,451.7822784930468
0.01,4.966,11760.0,2843.9999999999995,303.76,965.7312051951885
0.01,4.966,11760.0,3414.0,302.71,1281.3711442053318
0.01,4.966,11760.0,4100.0,302.71,1632.0045673847198
0.01,4.966,11760.0,4772.0,304.81,1958.2421217858791
0.01,4.966,11760.0,5366.0,304.81,2246.114659309387
0.01,4.966,11760.0,5942.0,302.71,2545.264104604721
0.01,1.0,13720.000000000002,240.99999999999997,149.88,513.3649494498968
0.01,1.0,13720.000000000002,305.0,161.1,538.5212150961161
0.01,1.0,13720.000000000002,336.0,109.67,691.7377435415983
0.01,1.0,13720.000000000002,365.0,101.08,735.8490528166294
0.01,1.0,13720.000000000002,375.0,96.06,755.793593749404
0.01,1.0,13720.000000000002,390.0,96.06,769.6754896640778
0.01,1.0,13720.000000000002,400.0,99.17,771.1608636379242
0.01,1.0,13720.000000000002,418.0,94.63,796.8434624373913
0.01,1.0,13720.000000000002,436.0,98.21,803.031994253397
0.01,1.0,13720.000000000002,443.0,103.71,795.7350720465183
0.01,1.0,13720.000000000002,443.0,104.19,795.0342345237732
0.01,1.0,13720.000000000002,464.0,94.15,835.8978110551834
0.01,1.0,13720.000000000002,478.0,100.6,831.5776152908802
0.01,1.0,13720.000000000002,495.99999999999994,95.58,858.4670804440976
0.01,1.0,13720.000000000002,499.0,97.02,857.4529923498632
0.01,1.0,13720.000000000002,573.0,98.21,915.7514391839505
0.01,1.0,13720.000000000002,581.0,96.06,926.6752773523332
0.01,1.0,13720.000000000002,598.0,93.19,947.3298491537571
0.01,1.0,13720.000000000002,598.0,98.69,933.6618254333736
0.01,1.0,13720.000000000002,648.0,99.65,972.5452229380608
0.01,1.0,13720.000000000002,842.0,119.66,1111.701572239399
0.01,1.0,13720.000000000002,867.0,115.15,1151.2892477214336
0.01,1.0,13720.000000000002,1306.0,118.24,1642.8172957897186
0.01,1.0,13720.000000000002,1320.0,120.14,1651.2882590293884
0.01,1.0,13720.000000000002,1341.0,121.33,1667.9540467262268
0.01,1.0,13720.000000000002,1419.0,120.61,1738.6292187869549
0.01,1.0,13720.000000000002,1454.0,125.83,1757.1389773488045
0.01,1.0,13720.000000000002,1507.0,131.28,1790.5235695838928
0.01,1.0,13720.000000000002,1642.0,130.33,1922.3778077960014
0.01,1.0,13720.000000000002,1751.0,144.48,1985.8414486050606
0.01,1.0,13720.000000000002,1833.0,144.01,2067.2191417217255
0.01,1.0,13720.000000000002,1995.0,145.42,2213.4806501865387
0.01,1.0,13720.000000000002,432.0,185.57000000000002,581.8548688292503
0.01,1.0,13720.000000000002,980.0000000000001,196.73,1066.0932140052319
0.01,1.0,13720.000000000002,991.0,189.68,1098.9201141893864
0.01,1.0,13720.000000000002,1047.0,185.57000000000002,1173.945600092411
0.01,1.0,13720.000000000002,1058.0,198.31,1153.118554353714
0.01,1.0,13720.000000000002,1139.0,190.14,1268.4129257500172
0.01,1.0,13720.000000000002,1157.0,199.44,1265.7041035592556
0.01,1.0,13720.000000000002,1221.0,202.37,1329.6631698310375
0.01,1.0,13720.000000000002,1242.0,203.5,1344.3747793138027
0.01,1.0,13720.000000000002,1291.0,194.23,1414.3738174438477
0.01,1.0,13720.000000000002,1359.0,192.19,1481.5554052591324
0.01,1.0,13720.000000000002,1525.0,201.47,1598.1627894937992
0.01,1.0,13720.000000000002,1620.0,200.33999999999997,1681.8382550776005
0.01,1.0,13720.000000000002,1705.0,207.54,1731.8717147409916
0.01,1.0,13720.000000000002,1744.0,198.31,1794.4562911987305
0.01,1.0,13720.000000000002,1787.0,208.66,1797.9617196321487
0.01,1.0,13720.000000000002,1867.9999999999998,199.89,1903.077534288168
0.01,1.0,13720.000000000002,1949.0,194.69,1998.0695010721684
0.01,1.0,13720.000000000002,2002.0,195.82,2044.273001551628
0.01,1.0,13720.000000000002,2105.0,196.27,2125.798916220665
0.01,1.0,13720.000000000002,2133.0,200.33999999999997,2131.012163758278
0.01,1.0,13720.000000000002,2561.0,203.05,2420.8453091979027
0.01,2.0,13720.000000000002,329.0,99.65,384.70035105943685
0.01,2.0,13720.000000000002,361.0,100.6,408.36362861096865
0.01,2.0,13720.000000000002,411.0,104.66,439.0842937678099
0.01,2.0,13720.000000000002,464.0,97.74,498.3770883828402
0.01,2.0,13720.000000000002,481.99999999999994,99.65,508.1711602210999
0.01,2.0,13720.000000000002,549.0,97.74,566.6422501951456
0.01,2.0,13720.000000000002,605.0,96.54,614.5812062174082
0.01,2.0,13720.000000000002,637.0,98.21,636.9602353870869
0.01,2.0,13720.000000000002,697.0,103.71,673.8265676796436
0.01,2.0,13720.000000000002,768.0,108.24,720.9314672648907
0.01,2.0,13720.000000000002,803.0,110.15,745.3982883691788
0.01,2.0,13720.000000000002,835.0,107.05,779.9295108020306
0.01,2.0,13720.000000000002,899.0,111.1,828.8473607599735
0.01,2.0,13720.000000000002,899.0,110.15,829.9157065153122
0.01,2.0,13720.000000000002,1037.0,116.1,945.5178011953832
0.01,2.0,13720.000000000002,1100.0,112.29,1022.4838162958622
0.01,2.0,13720.000000000002,1129.0,112.77,1053.8700120151043
0.01,2.0,13720.000000000002,1175.0,108.24,1115.3813922405243
0.01,2.0,13720.000000000002,1210.0,114.2,1141.2751559913158
0.01,2.0,13720.000000000002,1217.0,110.62,1157.1480599045753
0.01,2.0,13720.000000000002,1327.0,109.67,1277.1416410803795
0.01,2.0,13720.000000000002,1380.0,112.29,1327.980618327856
0.01,2.0,13720.000000000002,1380.0,108.72,1335.8865574002266
0.01,2.0,13720.000000000002,1440.0,112.77,1391.984354108572
0.01,2.0,13720.000000000002,1511.0,111.58,1473.41574087739
0.01,2.0,13720.000000000002,1514.0,113.24,1471.975713223219
0.01,2.0,13720.000000000002,1571.0,114.2,1525.7027547061443
0.01,2.0,13720.000000000002,1684.0,116.81,1614.1868478059769
0.01,2.0,13720.000000000002,1825.0,121.33,1720.823907405138
0.01,2.0,13720.000000000002,1973.9999999999998,122.28,1842.711205035448
0.01,2.0,13720.000000000002,2268.0,124.17,2040.4106682538986
0.01,2.0,13720.000000000002,2321.0,121.33,2085.181021988392
0.01,2.0,13720.000000000002,2406.0,125.83,2126.3478097319603
0.01,2.0,13720.000000000002,2501.0,126.78,2188.2920104265213
0.01,2.0,13720.000000000002,2691.9999999999995,127.73,2318.2144051790237
0.01,2.0,13720.000000000002,315.0,178.92,185.4764703474939
0.01,2.0,13720.000000000002,333.0,187.17,178.82432317361236
0.01,2.0,13720.000000000002,354.0,191.72999999999996,184.14064334705472
0.01,2.0,13720.000000000002,375.0,165.75,263.20234650745994
0.01,2.0,13720.000000000002,411.0,171.31,277.837166171521
0.01,2.0,13720.000000000002,446.0,180.53,284.2690396495164
0.01,2.0,13720.000000000002,503.0,191.72999999999996,304.28870657458907
0.01,2.0,13720.000000000002,545.0,193.33,336.78800215944653
0.01,2.0,13720.000000000002,722.0,196.73,483.6457949876786
0.01,2.0,13720.000000000002,938.0,187.17,698.0558282136917
0.01,2.0,13720.000000000002,1058.0,194.23,789.235038086772
0.01,2.0,13720.000000000002,1175.0,183.97,931.5793351829053
0.01,2.0,13720.000000000002,1327.0,178.92,1109.315137565136
0.01,2.0,13720.000000000002,1390.0,178.0,1179.3546715378761
0.01,2.0,13720.000000000002,1596.0,193.78,1312.2101384401321
0.01,2.0,13720.000000000002,2094.0,198.31,1699.089935272932
0.01,2.0,13720.000000000002,2232.0,203.05,1770.0072927772999
0.01,2.0,13720.000000000002,2444.0,209.1,1882.8818401694298
0.01,2.0,13720.000000000002,899.0,319.41,302.987368721515
0.01,2.0,13720.000000000002,1497.0,325.17,826.4056532084942
0.01,2.0,13720.000000000002,1963.0,325.17,1221.8817360699177
0.01,2.0,13720.000000000002,2574.9999999999995,325.17,1635.0613830983639
0.01,2.0,13720.000000000002,3215.0,324.25999999999993,2039.7336319088936
0.01,2.0,13720.000000000002,3434.9999999999995,325.62,2170.108361840248
0.01,2.0,13720.000000000002,3562.0,324.72,2247.1057358384132
0.01,2.0,13720.000000000002,3858.9999999999995,325.62,2405.2418887615204
0.01,2.0,13720.000000000002,4206.0,325.62,2591.449669599533
0.01,2.0,13720.000000000002,4906.0,327.11,3005.4570561647415
0.01,2.0,13720.000000000002,5705.0,325.62,3519.43051725626
0.01,2.0,13720.000000000002,6713.0,323.18,4278.681995868684
0.01001,3.0000000000000004,13720.000000000002,364.0,236.78,-201.8254166841507
0.01001,3.0000000000000004,13720.000000000002,421.0,229.2,-143.91404919326305
0.01001,3.0000000000000004,13720.000000000002,523.0,240.86,-93.06197283789515
0.01001,3.0000000000000004,13720.000000000002,569.0,231.16,-31.689705420285463
0.01001,3.0000000000000004,13720.000000000002,583.0,231.16,-18.73515302315354
0.01001,3.0000000000000004,13720.000000000002,872.0,233.54,211.8402086570859
0.01001,3.0000000000000004,13720.000000000002,908.0,233.11,243.72686361894014
0.01001,3.0000000000000004,13720.000000000002,975.0000000000001,228.97999999999996,307.69275439903146
0.01001,3.0000000000000004,13720.000000000002,1303.0,236.78,579.4552363455296
0.01001,3.0000000000000004,13720.000000000002,1864.0000000000002,249.35,1022.0215545594692
0.01001,3.0000000000000004,13720.000000000002,2041.0,240.86,1188.0032975971699
0.01001,3.0000000000000004,13720.000000000002,2171.0,238.72,1274.4521079957485
0.01001,3.0000000000000004,13720.000000000002,3649.9999999999995,242.36,2172.9577350616455
0.01001,3.0000000000000004,13720.000000000002,4247.0,241.29,2499.396415054798
0.01001,3.0000000000000004,13720.000000000002,4688.0,238.29,2749.5616829395294
0.01001,3.0000000000000004,13720.000000000002,5274.0,240.86,3089.983949661255
0.01001,3.0000000000000004,13720.000000000002,6273.0,234.62,3779.0555688738823
0.01001,3.0000000000000004,13720.000000000002,449.0,309.45,-295.3935428708792
0.01001,3.0000000000000004,13720.000000000002,548.0,311.5,-226.15225076675415
0.01001,3.0000000000000004,13720.000000000002,668.0,315.51,-146.56004078686237
0.01001,3.0000000000000004,13720.000000000002,791.0,311.5,-43.017881605774164
0.01001,3.0000000000000004,13720.000000000002,1169.0,313.52,259.70393998548394
0.01001,3.0000000000000004,13720.000000000002,1836.0,316.99,814.1276295483112
0.01001,3.0000000000000004,13720.000000000002,2129.0,314.02,1049.9463145434856
0.01001,3.0000000000000004,13720.000000000002,2597.9999999999995,315.02,1338.7861274182796
0.01001,3.0000000000000004,13720.000000000002,2800.0,315.02,1464.4485625624657
0.01001,3.0000000000000004,13720.000000000002,3689.0,313.52,2007.5560188293457
0.01001,3.0000000000000004,13720.000000000002,4688.0,316.5,2515.211000442505
0.01001,3.0000000000000004,13720.000000000002,5475.0,314.52,2976.399089396
0.01,4.966,13720.000000000002,404.0,233.11,-645.1810654252768
0.01,4.966,13720.000000000002,503.0,233.54,-577.0372219383717
0.01,4.966,13720.000000000002,542.0,233.11,-546.8301433324814
0.01,4.966,13720.000000000002,605.0,237.64,-507.022165954113
0.01,4.966,13720.000000000002,665.0,234.19,-455.4069431871176
0.01,4.966,13720.000000000002,687.0,235.06,-440.868089646101
0.01,4.966,13720.000000000002,800.0,234.19,-354.52023684978485
0.01,4.966,13720.000000000002,1044.0,234.19,-166.8445099145174
0.01,4.966,13720.000000000002,1185.0,230.5,-45.16960395500064
0.01,4.966,13720.000000000002,1348.0,232.03,80.53458195179701
0.01,4.966,13720.000000000002,2341.9999999999995,232.68,811.8119779974222
0.01,4.966,13720.000000000002,3014.0,231.59,1200.5601672828197
0.01,4.966,13720.000000000002,3359.9999999999995,235.06,1390.2826263010502
0.01,4.966,13720.000000000002,4605.0,237.21,2038.8170045614243
0.01,4.966,13720.000000000002,5076.0,236.78,2270.950455069542
0.01,4.966,13720.000000000002,5727.0,236.13,2590.413923561573
0.01,4.966,13720.000000000002,6236.0,234.62,2861.6067987680435
0.01,4.966,13720.000000000002,329.0,314.02,-807.1296368539333
0.01,4.966,13720.000000000002,495.99999999999994,315.51,-701.4195823669434
0.01,4.966,13720.000000000002,524.0,315.02,-683.3280928432941
0.01,4.966,13720.000000000002,641.0,316.5,-610.3636648505926
0.01,4.966,13720.000000000002,729.0,315.02,-544.7036039829254
0.01,4.966,13720.000000000002,821.0,316.01,-478.88274416327477
0.01,4.966,13720.000000000002,920.0,317.48,-409.1597320139408
0.01,4.966,13720.000000000002,1026.0,315.51,-325.9248138219118
0.01,4.966,13720.000000000002,1083.0,316.01,-284.56829346716404
0.01,4.966,13720.000000000002,1401.0,316.99,-46.235834676772356
0.01,4.966,13720.000000000002,1426.0,316.01,-25.688480976969
0.01,4.966,13720.000000000002,2264.0,316.99,566.7988190799952
0.01,4.966,13720.000000000002,2567.9999999999995,318.45,743.7970105558634
0.01,4.966,13720.000000000002,2759.0,316.5,856.9614021480085
0.01,4.966,13720.000000000002,3092.0,316.99,1041.1560094356537
0.01,4.966,13720.000000000002,3410.0,317.48,1219.7954669594765
0.01,4.966,13720.000000000002,3742.0000000000005,316.99,1404.2510975897312
0.01,4.966,13720.000000000002,4439.0,316.99,1761.993853598833
0.01,4.966,13720.000000000002,5012.0,316.5,2049.2489141225815
0.01,4.966,13720.000000000002,6172.0,316.99,2590.868965983391
0.01,4.966,13720.000000000002,6363.0,316.5,2684.3843573331833
0.01,1.0,15690.0,308.0,100.35,674.547935128212
0.01,1.0,15690.0,333.0,98.44,698.3963768184185
0.01,1.0,15690.0,365.0,95.33,731.360556781292
0.01,1.0,15690.0,365.0,94.37,733.5410717874765
0.01,1.0,15690.0,421.0,94.37,776.9243019074202
0.01,1.0,15690.0,495.99999999999994,97.48,828.7169618904591
0.01,1.0,15690.0,499.0,95.33,836.7025390267372
0.01,1.0,15690.0,509.99999999999994,100.35,832.5122909247875
0.01,1.0,15690.0,517.0,103.46,833.1190517544746
0.01,1.0,15690.0,563.0,97.48,883.7276313453914
0.01,1.0,15690.0,570.0,99.4,884.5850941538812
0.01,1.0,15690.0,627.0,103.46,922.0401389896871
0.01,1.0,15690.0,662.0,105.37,945.7582382112743
0.01,1.0,15690.0,711.0,105.37,985.6586566567421
0.01,1.0,15690.0,867.0,103.46,1155.3946688771248
0.01,1.0,15690.0,772.0,111.34,1027.761642858386
0.01,1.0,15690.0,786.0,110.38,1045.84591306746
0.01,1.0,15690.0,832.0,108.48,1102.221935391426
0.01,1.0,15690.0,906.0,101.79,1203.4414634108543
0.01,1.0,15690.0,917.0,120.39,1164.3256378173828
0.01,1.0,15690.0,952.0000000000001,116.58,1214.955367743969
0.01,1.0,15690.0,1069.0,121.57,1332.5793217122555
0.01,1.0,15690.0,1111.0,120.39,1382.8010475635529
0.01,1.0,15690.0,1164.0,117.53,1448.1588560342789
0.01,1.0,15690.0,1185.0,123.0,1458.3097763359547
0.01,1.0,15690.0,1256.0,123.47,1537.2615541517735
0.01,1.0,15690.0,1323.0,123.95,1607.3779061436653
0.01,1.0,15690.0,793.0,191.62,834.4170619547367
0.01,1.0,15690.0,810.0,187.05000000000004,863.0223551392556
0.01,1.0,15690.0,1228.0,200.92,1293.197509497404
0.01,1.0,15690.0,1422.0,208.58,1451.6294287145138
0.01,1.0,15690.0,1581.0,205.43,1601.504542529583
0.01,2.0,15690.0,312.0,125.61,301.2016035802663
0.01,2.0,15690.0,326.0,126.56,310.93284482136374
0.01,2.0,15690.0,372.0,132.48,333.71477378532296
0.01,2.0,15690.0,404.0,132.01,358.61881462857133
0.01,2.0,15690.0,566.0,112.53,530.9411603957415
0.01,2.0,15690.0,736.0,126.08,636.4776693284512
0.01,2.0,15690.0,818.0,123.47,706.5179365128279
0.01,2.0,15690.0,892.0,122.05,768.8363571465015
0.01,2.0,15690.0,1175.0,132.48,1015.6542883068323
0.01,2.0,15690.0,1306.0,128.46,1172.9997570812702
0.01,2.0,15690.0,1571.0,144.28,1401.4824904501438
0.01,2.0,15690.0,1631.0,144.76,1450.5147214233875
0.01,2.0,15690.0,1709.0,145.23,1513.784681558609
0.01,2.0,15690.0,1871.0000000000002,142.64,1660.9313456714153
0.01,2.0,15690.0,1946.0,144.76,1719.0126490592957
0.01,2.0,15690.0,2045.0,146.17,1801.1647264659405
0.01,2.0,15690.0,2253.0,145.23,1939.1849361360073
0.01,2.0,15690.0,2504.9999999999995,149.69,2093.961513340473
0.01,2.0,15690.0,379.0,175.32,231.9944622181356
0.01,2.0,15690.0,474.0,176.7,304.43340307101613
0.01,2.0,15690.0,527.0,196.62,293.6216616816819
0.01,2.0,15690.0,616.0,193.20999999999998,371.5305728465319
0.01,2.0,15690.0,680.0,193.67000000000002,421.53890591114765
0.01,2.0,15690.0,810.0,202.28000000000003,504.3597569316626
0.01,2.0,15690.0,842.0,193.67000000000002,552.4592863023281
0.01,2.0,15690.0,909.0,191.16,614.7345038503408
0.01,2.0,15690.0,927.0,183.84,647.4455565959215
0.01,2.0,15690.0,945.0,187.05000000000004,656.5350120514631
0.01,2.0,15690.0,1072.0,197.75,750.9111374616623
0.01,2.0,15690.0,1497.0,214.61,1136.123272627592
0.01,2.0,15690.0,1461.0,197.75,1155.5839502811432
0.01,2.0,15690.0,1168.0,335.13,470.0322545319796
0.01,2.0,15690.0,1719.0,335.13,939.6942959725858
0.01,2.0,15690.0,2204.0,334.72,1327.81615331769
0.01,2.0,15690.0,2268.0,333.73,1375.180948227644
0.01,2.0,15690.0,3169.0,337.45,1949.675502628088
0.01,2.0,15690.0,3612.0,337.05,2222.9365986585617
0.01,2.0,15690.0,4132.0,337.45,2507.061747908592
0.01,2.0,15690.0,4655.0,336.51,2806.1800599098206
0.01,2.0,15690.0,4994.0,337.05,3008.9424058794975
0.01,2.0,15690.0,5716.0,335.55,3433.616780936718
0.01,2.0,15690.0,6112.0,335.55,3702.033829689026
0.01001,3.0000000000000004,15690.0,435.0,247.5,-195.05121797323227
0.01001,3.0000000000000004,15690.0,456.0,246.01,-175.64959205687046
0.01001,3.0000000000000004,15690.0,484.0,243.45,-150.5391239374876
0.01001,3.0000000000000004,15690.0,490.99999999999994,243.45,-146.37245140969753
0.01001,3.0000000000000004,15690.0,533.0,241.74,-110.98793983459473
0.01001,3.0000000000000004,15690.0,622.0,241.74,-46.46279187873006
0.01001,3.0000000000000004,15690.0,646.0,240.88,-27.76110107079148
0.01001,3.0000000000000004,15690.0,706.0,238.73,22.506295405328277
0.01001,3.0000000000000004,15690.0,1162.0,241.74,396.51631038635975
0.01001,3.0000000000000004,15690.0,1487.0,242.38000000000002,690.9748650342226
0.01001,3.0000000000000004,15690.0,1744.0,242.81,914.9446243792773
0.01001,3.0000000000000004,15690.0,1945.0,241.31,1078.5566838085651
0.01001,3.0000000000000004,15690.0,1956.0,237.22,1098.7145893275738
0.01001,3.0000000000000004,15690.0,2891.0,244.31000000000003,1678.7492908537388
0.01001,3.0000000000000004,15690.0,3812.9999999999995,245.37,2251.3177546858788
0.01001,3.0000000000000004,15690.0,4434.0,248.99,2572.234561443329
0.01001,3.0000000000000004,15690.0,4752.0,241.31,2773.2764545083046
0.01001,3.0000000000000004,15690.0,5313.0,240.88,3109.702605009079
0.01001,3.0000000000000004,15690.0,6185.0,240.24,3672.5539842247963
0.01001,3.0000000000000004,15690.0,371.0,321.57,-401.87369517982006
0.01001,3.0000000000000004,15690.0,442.0,327.39,-364.5302677154541
0.01001,3.0000000000000004,15690.0,456.0,323.97,-347.4050947278738
0.01001,3.0000000000000004,15690.0,576.0,325.07,-263.35112273693085
0.01001,3.0000000000000004,15690.0,682.0,325.07,-186.22329346835613
0.01001,3.0000000000000004,15690.0,805.0,323.49,-97.63385759666562
0.01001,3.0000000000000004,15690.0,872.0,326.47,-54.570476952940226
0.01001,3.0000000000000004,15690.0,1204.0,326.93,207.6293460279703
0.01001,3.0000000000000004,15690.0,1727.0,325.54,653.739952892065
0.01001,3.0000000000000004,15690.0,2210.0,325.54,1031.7599587142467
0.01001,3.0000000000000004,15690.0,2456.9999999999995,322.54,1197.1688942611217
0.01001,3.0000000000000004,15690.0,3388.9999999999995,320.6000000000001,1801.81062951684
0.01001,3.0000000000000004,15690.0,3594.0,320.6000000000001,1925.9858858585358
0.01001,3.0000000000000004,15690.0,3926.0,319.62,2110.6345203518867
0.01001,3.0000000000000004,15690.0,4882.0,322.06,2593.5678616166115
0.01001,3.0000000000000004,15690.0,6107.0,326.93,3254.5423597097397
0.01,4.966,15690.0,368.0,242.38000000000002,-705.3555188328028
0.01,4.966,15690.0,453.0,246.01,-657.4068618565798
0.01,4.966,15690.0,464.0,246.86,-650.9874811768532
0.01,4.966,15690.0,509.99999999999994,246.86,-621.2004764378071
0.01,4.966,15690.0,627.0,244.31000000000003,-537.2249580919743
0.01,4.966,15690.0,708.0,245.37,-479.3243067711592
0.01,4.966,15690.0,828.0,244.95,-385.0569222867489
0.01,4.966,15690.0,1086.0,244.31000000000003,-190.2133747935295
0.01,4.966,15690.0,1284.0,242.38000000000002,-30.714167337864637
0.01,4.966,15690.0,1666.0,243.88,280.20658187568193
0.01,4.966,15690.0,1960.0000000000002,247.93,507.78007641434675
0.01,4.966,15690.0,2158.0,246.01,642.533264234662
0.01,4.966,15690.0,2476.0,245.37,826.094827875495
0.01,4.966,15690.0,2802.0,245.37,1011.0927531123161
0.01,4.966,15690.0,3488.0,246.44,1408.3670093119144
0.01,4.966,15690.0,4262.0,246.86,1847.614247649908
0.01,4.966,15690.0,4835.0,247.93,2129.8514333367348
0.01,4.966,15690.0,6084.0,246.01,2724.945625066757
0.01,4.966,15690.0,414.0,325.54,-801.9444769620895
0.01,4.966,15690.0,524.0,326.93,-729.1001264750957
0.01,4.966,15690.0,566.0,326.47,-701.3927355408669
0.01,4.966,15690.0,627.0,326.0,-661.9852045178413
0.01,4.966,15690.0,687.0,325.07,-621.9194186478853
0.01,4.966,15690.0,909.0,327.39,-475.9408734738827
0.01,4.966,15690.0,927.0,324.6,-458.36088366806507
0.01,4.966,15690.0,1115.0,326.47,-323.049101382494
0.01,4.966,15690.0,1344.0,327.39,-156.75015971064568
0.01,4.966,15690.0,1412.0,326.0,-105.04826286807656
0.01,4.966,15690.0,1617.0,328.0,56.12722149118782
0.01,4.966,15690.0,1914.0000000000002,326.93,293.22407767176634
0.01,4.966,15690.0,2084.0,328.45,389.16188746690756
0.01,4.966,15690.0,2344.9999999999995,325.07,547.4975303560495
0.01,4.966,15690.0,2897.0,326.93,869.4490115344526
0.01,4.966,15690.0,3304.0,326.93,1114.0725530683994
0.01,4.966,15690.0,3668.0,326.0,1328.1624548137188
0.01,4.966,15690.0,4107.0,325.07,1571.3681906461716
0.01,4.966,15690.0,5387.0,326.47,2177.4677762389183
0.01,4.966,15690.0,5942.0,326.93,2416.9897440075874
0.01,1.0,17650.0,372.0,97.06,711.7208626866341
0.01,1.0,17650.0,609.0,100.16999999999999,890.635443776846
0.01,2.0,17650.0,361.0,101.13000000000001,388.2747013866902
0.01,2.0,17650.0,404.0,98.96999999999998,426.69561155140406
0.01,2.0,17650.0,457.0,101.13000000000001,461.07945844531065
0.01,2.0,17650.0,517.0,102.07999999999998,502.13220357894903
0.01,2.0,17650.0,556.0,104.00000000000001,528.4953919798136
0.01,2.0,17650.0,665.0,105.19000000000001,607.0657869428396
0.01,2.0,17650.0,729.0,105.19000000000001,656.9656328856945
0.01,2.0,17650.0,786.0,106.14999999999999,700.0201021879911
0.01,2.0,17650.0,863.0,108.05999999999999,755.8897572755814
0.01,2.0,17650.0,443.0,171.99,270.23807616904384
0.01,2.0,17650.0,517.0,171.99,325.08436521515256
0.01,2.0,17650.0,683.0,158.24,491.969777494669
0.01,2.0,17650.0,722.0,146.51,550.8596441149712
0.01,2.0,17650.0,726.0,140.38,569.0422210842371
0.01,2.0,17650.0,775.0,136.36,617.0748025923967
0.01,2.0,17650.0,807.0,137.3,640.6572576612234
0.01,2.0,17650.0,1051.0,136.36,839.4270406663418
0.01,2.0,17650.0,1154.0,137.78,942.8019288927318
0.01,2.0,17650.0,1270.0,145.56,1050.303332209587
0.01,2.0,17650.0,1383.0,148.62,1169.5877285301685
0.01,2.0,17650.0,1461.0,147.45,1257.8765617311
0.01,2.0,17650.0,1482.0,147.45,1278.1010203063488
0.01,2.0,17650.0,1677.0,149.56,1438.9083196222782
0.01,2.0,17650.0,1695.0,150.03,1452.7880159020424
0.01,2.0,17650.0,1861.0000000000002,147.92,1605.3639429807663
0.01,2.0,17650.0,2116.0,149.56,1807.3681481182575
0.01,2.0,17650.0,2335.0,149.56,1954.0765772759914
0.01,2.0,17650.0,2447.9999999999995,150.5,2030.2503854036331
0.01,2.0,17650.0,2585.9999999999995,152.62000000000003,2120.4300022125244
0.01,2.0,17650.0,2373.9999999999995,346.54,1370.7242622971535
0.01,2.0,17650.0,3534.0,345.57,2130.293841958046
0.01,2.0,17650.0,4379.0,345.57,2601.10234439373
0.01001,3.0000000000000004,17650.0,361.0,256.27,-282.25235991179943
0.01001,3.0000000000000004,17650.0,378.0,252.06,-259.9018131941557
0.01001,3.0000000000000004,17650.0,488.0,255.22,-189.49251495301723
0.01001,3.0000000000000004,17650.0,512.0,249.94,-160.9085413068533
0.01001,3.0000000000000004,17650.0,738.0,253.54,-12.7743680216372
0.01001,3.0000000000000004,17650.0,872.0,251.64,83.87757580727339
0.01001,3.0000000000000004,17650.0,1014.0,254.59,188.4213020838797
0.01001,3.0000000000000004,17650.0,1211.0,256.27,351.88518226146704
0.01001,3.0000000000000004,17650.0,1381.0,261.28,491.80164642632013
0.01001,3.0000000000000004,17650.0,1684.0,262.32,767.9779355227947
0.01001,3.0000000000000004,17650.0,1776.0,262.94,846.0515514016151
0.01001,3.0000000000000004,17650.0,1874.9999999999998,258.78,942.4608726799489
0.01001,3.0000000000000004,17650.0,2390.0,254.17,1312.7343283593655
0.01001,3.0000000000000004,17650.0,3700.0,256.27,2146.326134800911
0.01001,3.0000000000000004,17650.0,4222.0,257.32,2432.5936156511307
0.01001,3.0000000000000004,17650.0,4741.0,254.59,2721.641209423542
0.01001,3.0000000000000004,17650.0,5528.0,256.27,3176.4589300751686
0.01001,3.0000000000000004,17650.0,6199.0,256.27,3563.7521454691887
0.01001,3.0000000000000004,17650.0,6831.0,256.27,3981.5589219331746
0.01001,3.0000000000000004,17650.0,544.0,336.07,-337.98879608511925
0.01001,3.0000000000000004,17650.0,597.0,337.07,-302.34867565333843
0.01001,3.0000000000000004,17650.0,682.0,338.06,-246.36249631643292
0.01001,3.0000000000000004,17650.0,682.0,338.06,-246.36249631643292
0.01001,3.0000000000000004,17650.0,819.0,338.06,-158.1773279607296
0.01001,3.0000000000000004,17650.0,968.0,336.07,-52.511449474841356
0.01001,3.0000000000000004,17650.0,975.0000000000001,341.87,-58.91187945380807
0.01001,3.0000000000000004,17650.0,1328.0,335.2,252.48375119641426
0.01001,3.0000000000000004,17650.0,1635.0,339.03,495.3098385035992
0.01001,3.0000000000000004,17650.0,1991.0,339.99,791.7885322123766
0.01001,3.0000000000000004,17650.0,2041.0,339.99,835.3598593175411
0.01001,3.0000000000000004,17650.0,2143.0,339.44,905.1945452392102
0.01001,3.0000000000000004,17650.0,2245.0,338.47,976.7430851608515
0.01001,3.0000000000000004,17650.0,2548.9999999999995,339.03,1180.655952990055
0.01001,3.0000000000000004,17650.0,2803.0,337.07,1359.4121603667736
0.01001,3.0000000000000004,17650.0,2955.0,337.07,1459.4095937907696
0.01001,3.0000000000000004,17650.0,3181.0,338.06,1604.2980788648129
0.01001,3.0000000000000004,17650.0,3434.9999999999995,338.06,1767.7176420390606
0.01001,3.0000000000000004,17650.0,4159.0,337.07,2185.5288177728653
0.01001,3.0000000000000004,17650.0,4956.0,337.62999999999994,2558.8977801799774
0.01001,3.0000000000000004,17650.0,5832.0,337.62999999999994,3002.9366129636765
0.01,4.966,17650.0,397.0,255.64,-723.4528176486492
0.01,4.966,17650.0,432.0,256.69,-705.0484723597765
0.01,4.966,17650.0,471.00000000000006,256.69,-679.6831285953522
0.01,4.966,17650.0,694.0,254.59,-533.2752034068108
0.01,4.966,17650.0,779.0,255.64,-475.8388442546129
0.01,4.966,17650.0,839.0,252.48,-427.27124385535717
0.01,4.966,17650.0,1203.0,257.74,-164.23732213675976
0.01,4.966,17650.0,1603.0,253.54,164.28742956370115
0.01,4.966,17650.0,2101.0,253.11,554.7861052304506
0.01,4.966,17650.0,2415.9999999999995,257.74,728.3433344960213
0.01,4.966,17650.0,3396.0,253.54,1311.9355788826942
0.01,4.966,17650.0,4149.0,256.69,1763.2836292684078
0.01,4.966,17650.0,5193.0,257.32,2255.867953300476
0.01,4.966,17650.0,5921.0,256.69,2588.1651070713997
0.01,4.966,17650.0,492.0,338.06,-792.8747618198395
0.01,4.966,17650.0,584.0,338.06,-734.992440789938
0.01,4.966,17650.0,658.0,337.62999999999994,-689.7591485083103
0.01,4.966,17650.0,701.0,336.07,-662.0314532518387
0.01,4.966,17650.0,867.0,337.62999999999994,-559.1171347349882
0.01,4.966,17650.0,1083.0,339.03,-415.9334795176983
0.01,4.966,17650.0,1143.0,337.07,-370.1392239332199
0.01,4.966,17650.0,1192.0,335.2,-329.51997607946396
0.01,4.966,17650.0,1433.0,336.63999999999993,-153.0877111852169
0.01,4.966,17650.0,1787.0,337.07,128.44428000971675
0.01,4.966,17650.0,2628.0,337.62999999999994,635.7788622379303
0.01,4.966,17650.0,2872.0,337.62999999999994,786.0068200528622
0.01,4.966,17650.0,3115.9999999999995,337.07,937.4934202432634
0.01,4.966,17650.0,5345.0,338.47,2095.8331206440926
0.01,2.0,19609.999999999996,450.0,98.33,447.2306134551764
0.01,2.0,19609.999999999996,513.0,100.97,486.91665209829813
0.01,2.0,19609.999999999996,619.0,108.63,546.7990616708994
0.01,2.0,19609.999999999996,379.0,181.64,181.50517052039504
0.01,2.0,19609.999999999996,531.0,194.04,260.25492032989865
0.01,2.0,19609.999999999996,552.0,189.46,286.2427607737482
0.01,2.0,19609.999999999996,581.0,172.38,354.79032186791306
0.01,2.0,19609.999999999996,648.0,175.63,394.7137659788132
0.01,2.0,19609.999999999996,672.0,178.64,404.80873659253126
0.01,2.0,19609.999999999996,867.0,174.01,566.7092544585466
0.01,2.0,19609.999999999996,1040.0,174.01,707.5750020891428
0.01001,3.0000000000000004,19609.999999999996,375.0,262.71,-317.69778445363045
0.01001,3.0000000000000004,19609.999999999996,417.0,258.1,-275.47889441251755
0.01001,3.0000000000000004,19609.999999999996,421.0,266.23,-292.1992217749357
0.01001,3.0000000000000004,19609.999999999996,470.0,264.78,-253.38813021779058
0.01001,3.0000000000000004,19609.999999999996,498.0,262.08,-225.92681638896465
0.01001,3.0000000000000004,19609.999999999996,572.0,262.71,-172.61697232723236
0.01001,3.0000000000000004,19609.999999999996,1148.0,263.12,242.43079924955967
0.01001,3.0000000000000004,19609.999999999996,1250.0,263.75,322.03705305233603
0.01001,3.0000000000000004,19609.999999999996,1359.0,263.75,416.5885147452355
0.01001,3.0000000000000004,19609.999999999996,1469.0,261.66,526.7337100207806
0.01001,3.0000000000000004,19609.999999999996,1592.0,265.82,631.7547147721052
0.01001,3.0000000000000004,19609.999999999996,1663.0,261.04,708.9926385879517
0.01001,3.0000000000000004,19609.999999999996,1801.0,261.66,828.1021921336651
0.01001,3.0000000000000004,19609.999999999996,1967.0000000000002,263.75,966.41128718853
0.01001,3.0000000000000004,19609.999999999996,2450.0,266.85,1296.3883337378502
0.01001,3.0000000000000004,19609.999999999996,2934.0,267.88,1609.3319715559483
0.01001,3.0000000000000004,19609.999999999996,4091.0,266.85,2339.7336027026176
0.01001,3.0000000000000004,19609.999999999996,4723.0,264.58,2677.1609818935394
0.01001,3.0000000000000004,19609.999999999996,6086.0,265.2,3414.2827796936035
0.01001,3.0000000000000004,19609.999999999996,689.0,345.78,-290.7115353643894
0.01001,3.0000000000000004,19609.999999999996,883.0,346.7,-163.80687050521374
0.01001,3.0000000000000004,19609.999999999996,1028.0,350.08000000000004,-71.2985030375421
0.01001,3.0000000000000004,19609.999999999996,1088.0,348.2300000000001,-24.63372783735394
0.01001,3.0000000000000004,19609.999999999996,1141.0,348.2300000000001,13.446732424199585
0.01001,3.0000000000000004,19609.999999999996,1342.0,346.7,184.56797882914543
0.01001,3.0000000000000004,19609.999999999996,1465.0,345.78,305.1405997946859
0.01001,3.0000000000000004,19609.999999999996,1518.0,346.7,339.65762330219155
0.01001,3.0000000000000004,19609.999999999996,1737.0,347.73,511.2890581041575
0.01001,3.0000000000000004,19609.999999999996,1854.0,345.78,620.9157035499811
0.01001,3.0000000000000004,19609.999999999996,2051.0,346.31000000000006,791.125483289361
0.01001,3.0000000000000004,19609.999999999996,2535.0,348.2300000000001,1109.3734560906887
0.01001,3.0000000000000004,19609.999999999996,3233.9999999999995,349.10999999999996,1586.8370385468006
0.01001,3.0000000000000004,19609.999999999996,3423.9999999999995,349.10999999999996,1711.3362616300583
0.01001,3.0000000000000004,19609.999999999996,3448.9999999999995,346.31000000000006,1734.3359826505184
0.01001,3.0000000000000004,19609.999999999996,4286.0,346.7,2206.8201556801796
0.01001,4.966,19609.999999999996,555.0,264.16,-659.3428225815296
0.01001,4.966,19609.999999999996,579.0,264.16,-644.7275458276272
0.01001,4.966,19609.999999999996,731.0,265.82,-552.3297946155071
0.01001,4.966,19609.999999999996,809.0,262.71,-496.2509486079216
0.01001,4.966,19609.999999999996,848.0,261.66,-466.38515181839466
0.01001,4.966,19609.999999999996,971.0,260.62,-379.53583866357803
0.01001,4.966,19609.999999999996,1155.0,266.23,-255.78629627823827
0.01001,4.966,19609.999999999996,1395.0,262.71,-60.28648206964135
0.01001,4.966,19609.999999999996,1554.0,262.71,62.103530839085586
0.01001,4.966,19609.999999999996,2097.0,265.2,476.43792979419237
0.01001,4.966,19609.999999999996,2703.9999999999995,263.12,849.0053226798773
0.01001,4.966,19609.999999999996,3201.9999999999995,267.26,1140.513631105423
0.01001,4.966,19609.999999999996,3520.0,266.23,1335.0092978775501
0.01001,4.966,19609.999999999996,3936.0,267.88,1595.974885970354
0.01001,4.966,19609.999999999996,4303.0,263.12,1818.1252652406693
0.01001,4.966,19609.999999999996,5157.0,268.91,2201.4158219099045
0.01001,4.966,19609.999999999996,5803.0,264.78,2490.4237094521523
0.01001,4.966,19609.999999999996,643.0,345.78,-742.066241055727
0.01001,4.966,19609.999999999996,774.0,346.7,-666.7923092097044
0.01001,4.966,19609.999999999996,999.0,347.73,-532.651973515749
0.01001,4.966,19609.999999999996,1024.0,345.78,-512.6529493182898
0.01001,4.966,19609.999999999996,1091.0,343.78,-463.402616083622
0.01001,4.966,19609.999999999996,1247.0,346.31000000000006,-356.47926554083824
0.01001,4.966,19609.999999999996,1299.0,344.31999999999994,-314.5534345507622
0.01001,4.966,19609.999999999996,1472.0,345.78,-191.29209831357002
0.01001,4.966,19609.999999999996,1547.0,345.78,-136.18289649486542
0.01001,4.966,19609.999999999996,1889.0,347.21000000000004,112.11266761645675
0.01001,4.966,19609.999999999996,2104.0,347.21000000000004,246.91269638016823
0.01001,4.966,19609.999999999996,2470.9999999999995,347.73,472.2865983098746
0.01001,4.966,19609.999999999996,2905.0,346.31000000000006,748.9637273550034
0.01001,4.966,19609.999999999996,3067.9999999999995,345.78,850.5737751722336
0.01001,4.966,19609.999999999996,3491.0,346.7,1116.7138069868088
0.01001,4.966,19609.999999999996,3950.0,348.73,1401.9819767773151
0.01001,4.966,19609.999999999996,4381.0,346.7,1631.8343494832516
0.01001,4.966,19609.999999999996,763.0,263.75,-528.6770640313625
0.01,2.0,9800.0,1334.0,196.54999999999998,1105.214566886425
0.01,2.0,9800.0,2436.9999999999995,215.74,1893.6167353391647
0.01,2.0,9800.0,846.0,194.52,650.633729994297
0.01,2.0,9800.0,1719.0,141.19,1613.8466376066208
0.01,4.966,9800.0,5122.0,208.65,2366.2873697280884
0.01,4.966,17650.0,1857.0,256.69,378.26923899352556
0.01,4.966,11760.0,6268.0,222.49,2946.143167614937
0.01001,3.0000000000000004,15690.0,1914.0000000000002,322.06,823.3806475996971
0.01,2.0,15690.0,3566.0,335.13,2204.298133254051
0.01,1.0,15690.0,750.0,108.0,1013.2597319036722
0.01,4.966,9800.0,5907.0,206.87,2815.1414853334427
0.01,2.0,13720.000000000002,1847.0,189.23,1531.5570548176765
0.01001,3.0000000000000004,13720.000000000002,332.0,236.13,-221.43877156078815
0.01,4.966,11760.0,549.0,224.68,-488.5913122445345
0.01,1.0,11760.0,588.0,96.83999999999999,951.2605403363705
0.01,1.0,15690.0,1398.0,117.53,1692.636093646288
0.01,1.0,15690.0,1139.0,187.05000000000004,1231.4099904894829
0.01,4.966,15690.0,3778.0,244.95,1583.8210570812225
0.01,4.966,11760.0,941.0,305.85,-334.8469842225313
0.01001,3.0000000000000004,13720.000000000002,5578.0,228.11000000000004,3317.9545629024506
0.01,4.966,15690.0,970.0000000000001,247.93,-283.4927283972502
0.01,1.0,13720.000000000002,1023.0000000000001,193.78,1124.4803230464458
0.01,1.0,11760.0,1277.0,122.07,1633.9947293698788
0.01,4.966,15690.0,4789.0,326.47,1910.9644098579884
0.01,4.966,11760.0,2659.9999999999995,304.81,858.152250647545
0.01001,3.0000000000000004,9800.0,519.0,290.97,-125.42718939483166
0.01,2.0,9800.0,1228.0,130.83,1151.7877188324928
0.01,4.966,11760.0,1444.0,219.41999999999996,210.92740247026086
0.01,1.0,13720.000000000002,1864.0000000000002,142.84,2100.2502131462097
0.01,1.0,9800.0,1645.0,120.43,2006.4669175446033
0.01001,3.0000000000000004,13720.000000000002,1822.0,315.51,809.511441886425
0.01,1.0,11760.0,499.0,93.97000000000001,884.6704287081958
0.01001,3.0000000000000004,9800.0,622.0,284.81,-31.084185410290956
0.01001,3.0000000000000004,17650.0,2597.9999999999995,336.07,1222.5744518637657
0.01001,3.0000000000000004,17650.0,1437.0,337.07,350.79639118164783
0.01,2.0,13720.000000000002,1062.0,111.58,983.6815796792507
0.01,1.0,11760.0,1465.0,123.97,1807.865378409624
0.01,2.0,17650.0,393.0,162.68000000000004,258.73136295005685
0.01001,3.0000000000000004,11760.0,2948.0,300.77,1603.5045182704926
0.01,4.966,17650.0,1316.0,335.63,-237.90433607995507
0.01,1.0,13720.000000000002,2002.0,205.07,2012.036393135786
0.01001,3.0000000000000004,15690.0,1003.0000000000001,240.88,262.97482529655105
0.01,2.0,15690.0,2367.0,148.28,2006.014920771122
0.01,2.0,11760.0,3106.0,225.56,2291.5216663479805
0.01,1.0,9800.0,1185.0,112.11999999999999,1581.9784398376942
0.01001,3.0000000000000004,13720.000000000002,2964.9999999999995,229.63,1786.0480457544327
0.01,4.966,13720.000000000002,1224.0,315.02,-176.89452901482582
0.01001,4.966,19609.999999999996,1257.0,263.75,-170.45693084597588
0.01,2.0,11760.0,793.0,185.75,597.1811916679144
0.01,2.0,13720.000000000002,1161.0,195.37,884.0191111713649
0.01001,3.0000000000000004,13720.000000000002,6463.0,314.52,3599.0764772892
0.01,1.0,11760.0,683.0,99.95000000000002,1033.406357243657
0.01,4.966,11760.0,807.0,303.76,-432.2047993540764
0.01001,3.0000000000000004,15690.0,901.0,243.88,169.63286669924855
0.01,4.966,17650.0,1465.0,337.07,-130.67376986145973
0.01,2.0,11760.0,5712.0,311.7699999999999,3619.461340010166
0.01,4.966,17650.0,3017.0,254.17,1085.605667680502
0.01,1.0,15690.0,687.0,101.31,976.0236917436123
0.01,2.0,13720.000000000002,658.0,192.64,438.0051754415036
0.01001,3.0000000000000004,19609.999999999996,1190.0,347.73,54.19884668663145
0.01,4.966,17650.0,4050.0,336.07,1511.4301697909832
0.01001,3.0000000000000004,9800.0,6566.0,289.31,3869.182845652104
0.01,2.0,11760.0,1758.0,123.02,1681.2929712235928
0.01,2.0,17650.0,542.0,160.81,374.80588562786585
0.01001,3.0000000000000004,17650.0,1105.0,251.00000000000003,275.03416858613497
0.01,2.0,17650.0,948.0,135.89,755.2576724439859
0.01,2.0,11760.0,4100.0,229.69,2863.3732748031616
0.01,4.966,17650.0,1553.0,338.06,-63.9000310190022
0.01,2.0,11760.0,899.0,193.94,677.895046249032
0.01,2.0,15690.0,1458.0,144.28,1302.1918730437756
0.01001,3.0000000000000004,13720.000000000002,1490.0,317.48,541.752817183733
0.01,4.966,17650.0,1330.0,259.2,-69.35436418280005
0.01,1.0,13720.000000000002,768.0,183.97,872.9886189103128
0.01,1.0,13720.000000000002,414.0,107.76,762.0983678102493
0.01001,3.0000000000000004,17650.0,788.0,252.48,23.455028962343935
0.01,2.0,11760.0,973.0,115.9,918.2811885327102
0.01,1.0,9800.0,2176.0,135.78,2415.6855297088623
0.01001,3.0000000000000004,9800.0,6566.0,216.18,4166.2438786029825
0.01001,3.0000000000000004,11760.0,2622.9999999999995,225.56,1611.3347673416138
0.01001,3.0000000000000004,15690.0,1539.0,326.0,503.81131462752825
0.01,1.0,11760.0,1405.0,123.97,1753.8515947759151
0.01,2.0,17650.0,2211.0,149.56,1872.0365120470524
0.01001,3.0000000000000004,11760.0,5369.0,227.74,3203.474282026291
0.01001,3.0000000000000004,17650.0,1511.0,254.17,639.5005317032337
0.01,2.0,17650.0,4075.0000000000005,345.57,2441.579406261444
0.01001,3.0000000000000004,19609.999999999996,5433.0,265.2,3055.74589908123
0.01,4.966,11760.0,3176.9999999999995,304.81,1148.675404638052
0.01,2.0,11760.0,1369.0,115.9,1343.3665569126606
0.01,2.0,9800.0,722.0,96.88,754.0549797564745
0.01,4.966,9800.0,2151.0,289.49,638.6453249305487
0.01,4.966,13720.000000000002,1688.0,317.48,187.00274202041328
0.01,4.966,13720.000000000002,810.0,236.13,-350.0218706578016
0.01,2.0,15690.0,1012.0,131.06,849.1874411702156
0.01,2.0,13720.000000000002,2094.0,122.28,1935.0673323869705
0.01,2.0,13720.000000000002,1207.0,176.39,986.624973192811
0.01001,3.0000000000000004,19609.999999999996,3512.9999999999995,266.23,1988.9675246179104
0.01,2.0,11760.0,2352.0,132.01,2085.295628607273
0.01,4.966,17650.0,1037.0,255.22,-282.49381214380264
0.01,2.0,13720.000000000002,1596.0,110.15,1558.7557096779346
0.01,4.966,17650.0,3679.0000000000005,255.22,1482.7725365757942
0.01001,3.0000000000000004,19609.999999999996,848.0,345.78,-184.9715320020914
0.01001,4.966,19609.999999999996,2450.0,267.26,685.0282366573811
0.01,2.0,17650.0,1543.0,146.51,1332.998605966568
0.01,1.0,11760.0,1850.0,136.02,2127.383781373501
0.01,1.0,15690.0,1189.0,118.96,1472.7680329978466
0.01,2.0,15690.0,1281.0,204.31,954.9697452038527
0.01,4.966,17650.0,3462.9999999999995,336.63999999999993,1159.1771385073662
0.01,4.966,11760.0,6533.0,302.71,2851.1236771941185
0.01,1.0,15690.0,1493.0,126.56,1754.7129492461681
0.01,4.966,11760.0,1069.0,218.54,-81.64499344304204
0.01001,3.0000000000000004,15690.0,586.0,323.97,-253.9638705551624
0.01,2.0,13720.000000000002,1960.0000000000002,193.78,1610.8646094799042
0.01001,3.0000000000000004,15690.0,3364.0,238.3,1992.2547943890095
0.01,2.0,17650.0,3055.9999999999995,344.7,1829.713844358921
0.01,2.0,13720.000000000002,860.0,198.99,596.5026888996363
0.01001,3.0000000000000004,15690.0,752.0,242.81,50.207256637513645
0.01,1.0,15690.0,1104.0,122.52,1367.2570736706257
0.01,2.0,15690.0,495.99999999999994,131.06,433.3694730699063
0.01001,3.0000000000000004,17650.0,565.0,251.00000000000003,-124.72522385418415
0.01001,3.0000000000000004,19609.999999999996,2725.0,348.73,1239.6889650821686
0.01,2.0,17650.0,1939.0,148.62,1671.7051574587822
0.01,4.966,11760.0,644.0,221.62,-411.7580084502697
0.01,4.966,9800.0,3021.0,207.31,1299.2731267213821
0.01001,3.0000000000000004,17650.0,2019.9999999999998,259.2,1064.1991591453552
0.01,2.0,11760.0,2335.0,218.54,1808.330911397934
0.01,2.0,17650.0,1125.0,340.94,362.4788918904961
0.01001,3.0000000000000004,9800.0,6735.0,205.31,4343.112573623658
0.01001,4.966,19609.999999999996,1681.0,346.31000000000006,-30.498631317168474
0.01,1.0,15690.0,1663.0,127.51,1913.450448513031
0.01,2.0,17650.0,2745.0,345.57,1625.499513745308
0.01,2.0,15690.0,2731.0,336.1,1677.6222881674767
0.01001,3.0000000000000004,9800.0,2594.9999999999995,208.43,1669.2213748395443
0.01,1.0,13720.000000000002,1182.0,197.41,1299.8286755383015
0.01001,3.0000000000000004,15690.0,1077.0,321.57,113.01677396520972
0.01,2.0,17650.0,895.0,135.89,713.7260273098946
0.01001,3.0000000000000004,15690.0,1257.0,243.88,477.8386460244656
0.01,2.0,9800.0,2232.0,153.36,1954.9304868280888
0.01,2.0,11760.0,542.0,101.86000000000001,573.8347179442644
0.01,4.966,17650.0,1465.0,252.48,55.093252081424005
0.01001,3.0000000000000004,15690.0,1561.0,239.16,775.090821608901
0.01,4.966,13720.000000000002,5444.0,316.01,2245.0292804837227
0.01001,3.0000000000000004,11760.0,1607.0,222.49,927.2454904019834
0.01,1.0,13720.000000000002,466.99999999999994,104.19,813.646247908473
0.01,1.0,9800.0,1221.0,114.49999999999999,1613.421487659216
0.01,2.0,11760.0,687.0,178.65,523.1789872050285
0.01,2.0,11760.0,361.0,101.86000000000001,425.1884668320418
0.01,1.0,15690.0,680.0,102.5,967.1879275143147
0.01001,3.0000000000000004,17650.0,428.0,255.22,-233.11178281903267
0.01,4.966,11760.0,2239.0,220.52,806.4998596906662
0.01,1.0,13720.000000000002,552.0,98.69,897.485445290804
0.01,1.0,15690.0,800.0,110.38,1061.6670973598957
0.01,1.0,11760.0,970.0000000000001,118.99,1302.2261647880077
0.01,4.966,13720.000000000002,3880.0000000000005,315.51,1484.2834037542343
0.01001,3.0000000000000004,9800.0,5945.0,212.42,3676.3565325737
0.01,4.966,17650.0,641.0,256.69,-571.1637455224991
0.01,2.0,19609.999999999996,786.0,176.56,495.1948934793473
0.01,1.0,13720.000000000002,517.0,99.65,865.6621426343919
0.01001,3.0000000000000004,9800.0,1162.0,207.76,582.9371456056833
0.01,2.0,11760.0,3640.0,309.77,2355.9980416297913
0.01,4.966,9800.0,492.0,289.12,-572.2928914427757
0.01,2.0,9800.0,598.0,176.29,482.0300785452128
0.01001,3.0000000000000004,17650.0,3233.9999999999995,252.48,1859.5376224815845
0.01,2.0,9800.0,782.0,102.84,795.1210355013609
0.01,2.0,15690.0,425.0,179.93,257.9854893125594
0.01,4.966,15690.0,609.0,247.93,-558.0681344866753
0.01,2.0,13720.000000000002,1281.0,111.1,1223.467729240656
0.01001,3.0000000000000004,13720.000000000002,1155.0,232.03,456.95514298975473
0.01,4.966,17650.0,4662.0,255.64,2026.0358849167824
0.01,1.0,13720.000000000002,344.0,98.69,724.0281020104885
0.01,4.966,15690.0,941.0,326.47,-450.9892302751541
0.01,2.0,9800.0,531.0,95.69,599.0730468928814
0.01,4.966,13720.000000000002,466.99999999999994,231.16,-597.8066259622574
0.01001,3.0000000000000004,9800.0,1776.0,284.06,933.4183427691461
0.01001,3.0000000000000004,11760.0,5052.0,227.74,3010.2114260196686
0.01001,3.0000000000000004,11760.0,5394.0,220.52,3243.1972068548203
0.01001,3.0000000000000004,15690.0,6891.0,242.81,4157.584761977197
0.01,1.0,15690.0,1299.0,118.96,1595.3570705652237
0.01,1.0,13720.000000000002,609.0,101.08,936.7529328912498
0.01,2.0,15690.0,2172.0,144.76,1888.8788345456123
0.01,2.0,13720.000000000002,2105.0,117.76,1955.5670273303986
0.01,1.0,13720.000000000002,1313.0,196.27,1428.2566721737385
0.01,1.0,13720.000000000002,1309.0,123.7,1631.5952096879482
0.01,4.966,9800.0,1543.0,288.94,201.2988531589508
0.01,4.966,9800.0,471.00000000000006,205.98,-472.9212259501219
0.01,1.0,15690.0,906.0,185.9,966.6098183393478
0.01,4.966,17650.0,2026.9999999999998,337.07,275.81226123496896
0.01,4.966,17650.0,4613.0,336.07,1795.7473076879978
0.01,1.0,9800.0,1635.0,132.25,1956.8332274258137
0.01,4.966,9800.0,895.0,207.98000000000002,-155.1959202438593
0.01,2.0,17650.0,623.0,154.02999999999997,456.560449525714
0.01,4.966,17650.0,2717.0,255.22,907.5464625656606
0.01,2.0,13720.000000000002,2268.0,120.14,2054.4037303328514
0.01,4.966,9800.0,4277.0,290.97,1751.318743377924
0.01,1.0,13720.000000000002,1475.0,193.78,1579.3260185420513
0.01,1.0,13720.000000000002,315.0,94.63,708.4862713515759
0.01,2.0,15690.0,637.0,189.56,399.1483991593123
0.01001,3.0000000000000004,13720.000000000002,378.0,233.54,-184.8811213672161
0.01,4.966,17650.0,1670.0,337.62999999999994,27.545701283961538
0.01,4.966,17650.0,3230.0,337.62999999999994,1008.1776164472103
0.01001,3.0000000000000004,13720.000000000002,1035.0,315.02,140.8404776453972
0.01,4.966,13720.000000000002,3714.0,233.54,1594.2985385656357
0.01001,3.0000000000000004,15690.0,1282.0,232.01,529.7040631622076
0.01,1.0,15690.0,432.0,97.96,777.426890283823
0.01,2.0,13720.000000000002,308.0,98.69,369.35158066451555
0.01,1.0,15690.0,1362.0,208.58,1394.949461966753
0.01,1.0,15690.0,906.0,100.83,1204.773539751768
0.01,2.0,13720.000000000002,2625.0,216.23,1976.3844849169254
0.01001,3.0000000000000004,11760.0,3806.0,225.56,2317.23393201828
0.01,1.0,13720.000000000002,627.0,101.56,951.2703540921211
0.01,2.0,9800.0,1617.0,141.89,1529.375580996275
0.01001,3.0000000000000004,19609.999999999996,1052.0,261.66,173.86753050610423
0.01,2.0,15690.0,867.0,197.3,565.0048194080591
0.01,4.966,9800.0,3703.9999999999995,289.49,1486.9094294309616
0.01,4.966,11760.0,503.0,302.71,-635.8404003828764
0.01,4.966,15690.0,2588.9999999999995,323.97,692.9377289861441
0.01001,3.0000000000000004,15690.0,2845.0,322.06,1450.3606341779232
0.01001,3.0000000000000004,17650.0,1367.0,339.03,279.25954034551984
0.01,4.966,15690.0,474.0,325.54,-762.0969061553478
0.01,4.966,15690.0,775.0,246.86,-430.3072476387024
0.01,2.0,9800.0,2335.0,210.65,1844.298439025879
0.01,2.0,15690.0,216.0,162.56,136.6579987667501
0.01,1.0,9800.0,570.0,111.88000000000001,921.4410486817361
0.01,2.0,15690.0,1383.0,132.48,1247.3679469525814
0.01001,3.0000000000000004,13720.000000000002,2538.0,235.70000000000002,1507.3721253871918
0.01001,4.966,19609.999999999996,636.0,261.66,-603.8064403831959
0.01,2.0,9800.0,963.0,198.58,746.6843415796757
0.01,1.0,9800.0,1030.0,109.74,1419.2654670774937
0.01,1.0,13720.000000000002,796.0,190.14,883.3943584561349
0.01001,3.0000000000000004,9800.0,742.0,289.49,51.010715588927276
0.01001,3.0000000000000004,11760.0,1884.9999999999998,298.8,939.7272340953351
0.01,4.966,13720.000000000002,1960.0000000000002,234.62,573.3055083453655
0.01,4.966,15690.0,3575.9999999999995,329.35,1266.4605523645878
0.01,2.0,15690.0,680.0,114.44,619.1654145717621
0.01,2.0,15690.0,2653.0,153.44,2183.649088740349
0.01001,4.966,19609.999999999996,1829.0,263.75,285.1329039596022
0.01001,3.0000000000000004,13720.000000000002,1571.0,245.97,798.8611480593681
0.01,2.0,13720.000000000002,976.9999999999999,114.2,893.8376609981061
0.01,4.966,13720.000000000002,4096.0,237.64,1780.7192891836166
0.01001,3.0000000000000004,15690.0,2484.9999999999995,247.5,1417.7276402711868
0.01,2.0,9800.0,2802.0,220.8,2115.3279772400856
0.01,4.966,17650.0,2338.0,337.62999999999994,462.1392030641437
0.01,2.0,11760.0,708.0,100.89999999999999,713.3382147550583
0.01,2.0,13720.000000000002,1663.0,109.67,1616.5431644022465
0.01001,3.0000000000000004,17650.0,1434.0,259.2,547.1612118184566
0.01,2.0,13720.000000000002,517.0,99.17,538.409992530942
0.01,1.0,9800.0,970.0000000000001,112.36000000000001,1343.5718561708927
0.01001,3.0000000000000004,11760.0,428.0,220.52,-80.58025734499097
0.01001,4.966,19609.999999999996,2619.9999999999995,345.24999999999994,572.6979579031467
0.01001,3.0000000000000004,11760.0,7184.0,227.74,4585.535803437234
0.01001,3.0000000000000004,19609.999999999996,3029.0,348.73,1450.0027140974998
0.01,2.0,13720.000000000002,665.0,96.06,664.4749608635902
0.01,2.0,11760.0,3706.9999999999995,225.56,2668.0490788817406
0.01,2.0,13720.000000000002,2628.0,126.31,2278.358374238014
0.01,2.0,11760.0,2052.0,127.05,1912.0504654943943
0.01,4.966,15690.0,1783.0,328.45,200.4641481116414
0.01,4.966,11760.0,2777.0,223.59,1113.7106849253178
0.01,4.966,17650.0,588.0,257.32,-605.8960935473442
0.01,4.966,11760.0,1093.0,301.83,-208.8639099895954
0.01,1.0,9800.0,1995.0,131.78,2290.0744193792343
0.01,4.966,9800.0,1833.0,209.54,590.3713475912809
0.01,4.966,13720.000000000002,1514.0,230.5,212.6996877975762
0.01001,3.0000000000000004,13720.000000000002,413.0,234.19,-160.69230027496815
0.01,1.0,9800.0,941.0,125.4,1279.2345654964447
0.01,4.966,11760.0,2321.0,302.71,664.9795796722174
0.01,4.966,11760.0,3725.0000000000005,303.76,1443.996131569147
0.01001,3.0000000000000004,11760.0,562.0,216.55,36.11532378941775
0.01,2.0,11760.0,1927.9999999999998,126.1,1812.513714581728
0.01,1.0,15690.0,825.0,185.9,880.2201160788537
0.01001,3.0000000000000004,13720.000000000002,3173.9999999999995,313.02,1698.0900602042675
0.01,2.0,11760.0,3964.9999999999995,228.61000000000004,2793.1090396642685
0.01001,3.0000000000000004,19609.999999999996,1483.0,347.73,313.4228174388409
0.01,4.966,15690.0,1507.0,242.38000000000002,148.2715634815395
0.01001,3.0000000000000004,11760.0,2277.0,223.59,1418.3834698796272
0.01001,3.0000000000000004,17650.0,2763.9999999999995,255.22,1549.3814297020435
0.01,4.966,15690.0,3106.0,246.01,1185.5663277208805
0.01001,3.0000000000000004,17650.0,1158.0,338.06,90.36676669493318
0.01,2.0,11760.0,3353.0,223.59,2466.880847811699
0.01,2.0,17650.0,1758.0,147.92,1515.6541456282139
