Diameter,length,Pressure,Mass flux,Temperature,CHF
0.007749999999999999,1.008,6960.0,500.0,51.75,8926.0
0.007749999999999999,1.008,6860.0,500.0,76.17,8926.0
0.007749999999999999,1.008,6860.0,500.0,104.08,8926.0
0.007749999999999999,1.008,6860.0,500.0,114.06,8926.0
0.007749999999999999,1.008,6860.0,500.0,204.9,8926.0
0.007749999999999999,1.008,6860.0,500.0,222.08,8926.0
0.00801,1.0,6860.0,500.0,62.04,8926.0
0.00801,1.0,6860.0,500.0,79.99,8926.0
0.00801,1.0,6860.0,500.0,131.07,8926.0
0.00801,1.0,6860.0,500.0,146.09,8926.0
0.00801,1.0,6860.0,500.0,173.44000000000003,8926.0
0.00801,1.0,6860.0,500.0,250.14,8926.0
0.00801,1.002,6960.0,501.0,80.98,8926.0
0.00801,1.002,6860.0,501.0,99.09,8926.0
0.00801,1.002,6960.0,496.0,117.16,8926.0
0.00801,1.002,6960.0,501.0,137.22,8926.0
0.00801,1.002,6960.0,501.0,152.19,8926.0
0.00801,1.002,6860.0,501.0,214.86000000000004,8926.0
0.00801,1.002,6770.0,501.0,230.15,8926.0
0.00801,1.002,6860.0,501.0,241.15999999999997,8926.0
0.00801,1.002,6860.0,501.0,255.28,8926.0
0.008,1.0,6860.0,502.0,164.23,8926.0
0.008,1.0,6860.0,501.0,177.57,8926.0
0.008,1.0,6860.0,501.0,222.08,8926.0
0.008,1.0,6860.0,501.0,247.23,8926.0
0.007749999999999999,1.008,6860.0,1000.0,50.76,8926.0
0.007749999999999999,1.008,6960.0,1000.0,96.01999999999998,8926.0
0.007749999999999999,1.008,6960.0,1000.0,120.95,8926.0
0.007749999999999999,1.008,6860.0,1000.0,133.19,8926.0
0.007749999999999999,1.008,6860.0,1000.0,153.32,8926.0
0.007749999999999999,1.008,6860.0,1000.0,169.31,8926.0
0.007749999999999999,1.008,6860.0,1000.0,191.67,8926.0
0.007749999999999999,1.008,6860.0,1000.0,214.86000000000004,8926.0
0.007749999999999999,1.008,7060.000000000001,1000.0,239.11,8926.0
0.007749999999999999,1.008,6860.0,1000.0,269.13,8926.0
0.00796,1.0,6860.0,1000.0,126.12000000000002,8926.0
0.00796,1.0,6860.0,1000.0,181.45,8926.0
0.00796,1.0,6860.0,1000.0,183.5,8926.0
0.00796,1.0,6860.0,1000.0,194.6,8926.0
0.00796,1.0,6860.0,1000.0,227.07,8926.0
0.00801,1.0,6860.0,1000.0,68.03,8926.0
0.00801,1.0,6860.0,1000.0,83.10000000000001,8926.0
0.00801,1.0,6860.0,1000.0,105.98,8926.0
0.00801,1.0,6860.0,1000.0,119.03,8926.0
0.00801,1.0,6860.0,1000.0,133.19,8926.0
0.00801,1.0,6860.0,1000.0,162.38,8926.0
0.00801,1.0,6860.0,1000.0,169.31,8926.0
0.00801,1.0,6860.0,1000.0,190.76,8926.0
0.00801,1.0,6860.0,1000.0,194.6,8926.0
0.00801,1.0,6860.0,1000.0,245.15,8926.0
0.008,0.99,6860.0,1007.0,72.1,8926.0
0.008,0.99,6860.0,1007.0,109.06999999999998,8926.0
0.008,0.99,6860.0,1007.0,150.3,8926.0
0.008,0.99,6860.0,1007.0,199.77,8926.0
0.008,0.99,6860.0,1007.0,220.99,8926.0
0.008,0.99,6960.0,1018.0,248.1,8926.0
0.008,0.99,6860.0,1007.0,264.18,8926.0
0.00799,1.0,6860.0,996.0,144.22,8926.0
0.00799,1.0,6860.0,996.0,154.26,8926.0
0.00799,1.0,6860.0,996.0,164.23,8926.0
0.00799,1.0,6860.0,996.0,174.36,8926.0
0.00799,1.0,6860.0,1001.0,184.64,8926.0
0.00799,1.0,6860.0,996.0,214.86000000000004,8926.0
0.00799,1.0,6860.0,1001.0,225.12,8926.0
0.00799,1.0,6860.0,996.0,235.22000000000003,8926.0
0.00799,1.0,6860.0,996.0,250.14,8926.0
0.008,1.0,6860.0,980.0,129.19,8926.0
0.008,1.0,6860.0,980.0,144.22,8926.0
0.008,1.0,6860.0,980.0,198.65000000000003,8926.0
0.008,1.0,6860.0,1001.0,255.28,8926.0
0.008,1.0,6860.0,980.0,256.3,8926.0
0.008,1.0,6860.0,980.0,269.13,8926.0
0.00785,1.0,6670.0,1068.0,73.1,8926.0
0.00785,1.0,6770.0,1028.0,112.01,8926.0
0.00785,1.0,6370.0,1057.0,154.31,8926.0
0.00785,1.0,6670.0,1057.0,171.41,8926.0
0.00785,1.0,6860.0,1068.0,198.65000000000003,8926.0
0.00785,1.0,6960.0,1040.0,215.99,8926.0
0.00785,1.0,7060.000000000001,1040.0,237.2,8926.0
0.00785,1.0,6960.0,1034.0,259.19,8926.0
0.007749999999999999,1.008,6960.0,2000.0,55.82000000000001,8926.0
0.007749999999999999,1.008,7160.0,2000.0,106.99,8926.0
0.007749999999999999,1.008,6960.0,2000.0,128.98,8926.0
0.007749999999999999,1.008,6860.0,2000.0,152.16,8926.0
0.007749999999999999,1.008,6770.0,2000.0,177.42000000000002,8926.0
0.007749999999999999,1.008,6860.0,2000.0,258.13,8926.0
0.007749999999999999,1.008,6860.0,2000.0,272.27,8926.0
0.00796,1.0,6860.0,2000.0,240.1,8926.0
0.00796,1.0,6860.0,2000.0,254.26,8926.0
0.00796,1.0,6860.0,2000.0,271.29,8926.0
0.00801,1.0,6860.0,2000.0,64.91,8926.0
0.00801,1.0,6860.0,2000.0,100.99,8926.0
0.00801,1.0,6860.0,2000.0,103.12999999999998,8926.0
0.00801,1.0,6860.0,2000.0,104.08,8926.0
0.00801,1.0,6860.0,2000.0,120.21,8926.0
0.00801,1.0,6860.0,2000.0,123.05,8926.0
0.00801,1.0,6860.0,2000.0,135.07,8926.0
0.00801,1.0,6860.0,2000.0,136.25,8926.0
0.00801,1.0,6860.0,2000.0,145.16,8926.0
0.00801,1.0,6860.0,2000.0,156.35,8926.0
0.00801,1.0,6860.0,2000.0,158.21,8926.0
0.00801,1.0,6860.0,2000.0,254.26,8926.0
0.008,0.99,6860.0,2019.0,100.99,8926.0
0.008,0.99,6860.0,2014.0,135.07,8926.0
0.008,0.99,6860.0,2019.0,149.13,8926.0
0.008,0.99,6860.0,2019.0,169.31,8926.0
0.008,0.99,6860.0,2014.0,201.78,8926.0
0.008,0.99,6860.0,2014.0,230.09,8926.0
0.008,0.99,6860.0,2014.0,252.2,8926.0
0.008,0.99,6860.0,2019.0,275.18,8926.0
0.00799,1.0,6860.0,2002.0,144.22,8926.0
0.00799,1.0,6860.0,2002.0,154.26,8926.0
0.00799,1.0,6860.0,1997.0,174.36,8926.0
0.00799,1.0,6860.0,2002.0,194.6,8926.0
0.00799,1.0,6860.0,2002.0,205.79,8926.0
0.00799,1.0,6860.0,2002.0,213.98,8926.0
0.00799,1.0,6860.0,1997.0,224.04,8926.0
0.00799,1.0,6860.0,1997.0,235.22000000000003,8926.0
0.00799,1.0,6860.0,1997.0,255.28,8926.0
0.008,1.0,6860.0,2007.0,132.01,8926.0
0.008,1.0,6860.0,2007.0,135.07,8926.0
0.008,1.0,6860.0,2003.0,137.19,8926.0
0.008,1.0,6860.0,2007.0,150.3,8926.0
0.008,1.0,6860.0,2003.0,181.45,8926.0
0.008,1.0,6860.0,2007.0,195.73,8926.0
0.008,1.0,6860.0,2018.0,219.03,8926.0
0.008,1.0,6860.0,2002.0,225.98999999999998,8926.0
0.008,1.0,6860.0,2013.0,248.27,8926.0
0.008,1.0,6860.0,2013.0,271.29,8926.0
0.008,1.0,6860.0,1984.0,120.21,8926.0
0.008,1.0,6860.0,1993.0,131.07,8926.0
0.008,1.0,6860.0,2012.0,159.37,8926.0
0.008,1.0,6860.0,1989.0,179.4,8926.0
0.008,1.0,6860.0,2005.0,188.73,8926.0
0.008,1.0,6860.0,1973.0,199.77,8926.0
0.008,1.0,6860.0,1994.0,209.79,8926.0
0.008,1.0,6860.0,2002.0,222.08,8926.0
0.008,1.0,6860.0,2036.0,241.15999999999997,8926.0
0.008,1.0,6860.0,1980.0,245.15,8926.0
0.00785,1.0,6770.0,1987.0,77.21,8926.0
0.00785,1.0,6770.0,2039.0,180.62,8926.0
0.00785,1.0,6770.0,2010.0,200.74,8926.0
0.00785,1.0,6860.0,2010.0,238.2,8926.0
0.00785,1.0,6770.0,1982.0,258.19,8926.0
0.00785,1.0,6770.0,2010.0,273.29,8926.0
0.007749999999999999,1.008,7060.000000000001,4000.0,138.17,8926.0
0.007749999999999999,1.008,6960.0,4000.0,145.19,8926.0
0.007749999999999999,1.008,6960.0,4000.0,153.12,8926.0
0.007749999999999999,1.008,6860.0,4000.0,159.37,8926.0
0.007749999999999999,1.008,6860.0,4000.0,169.31,8926.0
0.007749999999999999,1.008,6860.0,4000.0,176.43,8926.0
0.007749999999999999,1.008,6860.0,4000.0,189.63,8926.0
0.007749999999999999,1.008,6860.0,4000.0,209.79,8926.0
0.007749999999999999,1.008,6860.0,4000.0,238.2,8926.0
0.007749999999999999,1.008,6770.0,4000.0,256.16,8926.0
0.007749999999999999,1.008,6860.0,4000.0,272.27,8926.0
0.00796,1.0,6860.0,4000.0,83.10000000000001,8926.0
0.00796,1.0,6860.0,4000.0,100.04,8926.0
0.00796,1.0,6860.0,4000.0,120.21,8926.0
0.00796,1.0,6860.0,4000.0,140.24,8926.0
0.00796,1.0,6860.0,4000.0,162.38,8926.0
0.00796,1.0,6860.0,4000.0,185.55,8926.0
0.00796,1.0,6860.0,4000.0,201.78,8926.0
0.00796,1.0,6860.0,4000.0,225.98999999999998,8926.0
0.00796,1.0,6860.0,4000.0,245.15,8926.0
0.00796,1.0,6860.0,4000.0,264.18,8926.0
0.00801,1.0,6860.0,4000.0,157.28,8926.0
0.00801,1.0,6860.0,4000.0,167.46,8926.0
0.00801,1.0,6860.0,4000.0,177.57,8926.0
0.00801,1.0,6860.0,4000.0,187.59,8926.0
0.00801,1.0,6860.0,4000.0,187.59,8926.0
0.00801,1.0,6860.0,4000.0,190.76,8926.0
0.00801,1.0,6860.0,4000.0,191.67,8926.0
0.00801,1.0,6860.0,4000.0,201.78,8926.0
0.00801,1.0,6860.0,4000.0,219.9,8926.0
0.00801,1.0,6860.0,4000.0,222.08,8926.0
0.00801,1.0,6860.0,4000.0,235.22000000000003,8926.0
0.00801,1.0,6860.0,4000.0,256.3,8926.0
0.00801,1.0,6860.0,4000.0,264.18,8926.0
0.008,0.99,6860.0,3999.0,105.03,8926.0
0.008,0.99,6860.0,3999.0,119.03,8926.0
0.008,0.99,6860.0,3999.0,152.16,8926.0
0.008,0.99,6860.0,4011.0,196.62,8926.0
0.008,0.99,6860.0,3999.0,211.99999999999997,8926.0
0.008,0.99,6860.0,3999.0,228.15,8926.0
0.00785,1.0,6860.0,3934.0,199.77,8926.0
0.00785,1.0,6770.0,3917.0,219.1,8926.0
0.00785,1.0,6860.0,3940.0,258.13,8926.0
0.00785,1.0,6860.0,3975.0,271.29,8926.0
0.007749999999999999,1.008,9810.0,500.0,52.66,8926.0
0.007749999999999999,1.008,10000.0,500.0,73.8,8926.0
0.007749999999999999,1.008,9810.0,500.0,116.02,8926.0
0.007749999999999999,1.008,9810.0,500.0,143.17,8926.0
0.007749999999999999,1.008,9810.0,500.0,150.19,8926.0
0.007749999999999999,1.008,9810.0,500.0,170.4,8926.0
0.007749999999999999,1.008,9710.0,500.0,191.83,8926.0
0.007749999999999999,1.008,9810.0,500.0,200.92,8926.0
0.007749999999999999,1.008,9900.0,500.0,218.23000000000002,8926.0
0.00801,1.0,9810.0,500.0,102.94,8926.0
0.00801,1.0,9810.0,500.0,115.06999999999998,8926.0
0.00801,1.0,9810.0,500.0,151.13,8926.0
0.00801,1.0,9810.0,500.0,157.19,8926.0
0.00801,1.0,9810.0,500.0,181.66000000000003,8926.0
0.00801,1.0,9810.0,500.0,231.33000000000004,8926.0
0.00801,1.0,9810.0,500.0,245.61,8926.0
0.00801,1.0,9810.0,500.0,275.88,8926.0
0.00801,1.002,9810.0,502.0,63.7,8926.0
0.00801,1.002,9810.0,502.0,72.82,8926.0
0.00801,1.002,9810.0,502.0,89.82000000000001,8926.0
0.00801,1.002,9810.0,502.0,134.0,8926.0
0.00801,1.002,9810.0,502.0,151.13,8926.0
0.00801,1.002,9810.0,502.0,168.32,8926.0
0.00801,1.002,9810.0,502.0,198.9,8926.0
0.00801,1.002,9810.0,502.0,214.07,8926.0
0.00801,1.002,9810.0,502.0,229.38,8926.0
0.00801,1.002,9810.0,502.0,245.61,8926.0
0.00801,1.002,9810.0,502.0,259.7,8926.0
0.00801,1.002,9810.0,502.0,271.95,8926.0
0.00801,1.002,9810.0,502.0,287.9,8926.0
0.008,1.0,9810.0,501.0,125.97,8926.0
0.008,1.0,9810.0,499.0,142.0,8926.0
0.008,1.0,9810.0,499.0,172.48,8926.0
0.008,1.0,9810.0,499.0,194.83999999999997,8926.0
0.008,1.0,9810.0,501.0,218.26000000000002,8926.0
0.008,1.0,9810.0,499.0,244.55,8926.0
0.008,1.0,9810.0,499.0,272.94,8926.0
0.007749999999999999,1.008,9810.0,1000.0,98.89,8926.0
0.007749999999999999,1.008,9810.0,1000.0,140.12,8926.0
0.007749999999999999,1.008,9810.0,1000.0,238.41,8926.0
0.00796,1.0,9810.0,1000.0,89.82000000000001,8926.0
0.00796,1.0,9810.0,1000.0,183.71000000000004,8926.0
0.00796,1.0,9810.0,1000.0,213.18,8926.0
0.00796,1.0,9810.0,1000.0,246.66,8926.0
0.00796,1.0,9810.0,1000.0,257.66,8926.0
0.00796,1.0,9810.0,1000.0,284.9,8926.0
0.00801,1.0,9810.0,1000.0,72.82,8926.0
0.00801,1.0,9810.0,1000.0,72.82,8926.0
0.00801,1.0,9810.0,1000.0,106.99,8926.0
0.00801,1.0,9810.0,1000.0,162.3,8926.0
0.00801,1.0,9810.0,1000.0,198.9,8926.0
0.00801,1.0,9810.0,1000.0,208.07999999999998,8926.0
0.00801,1.0,9810.0,1000.0,211.19,8926.0
0.00801,1.0,9810.0,1000.0,231.33000000000004,8926.0
0.00801,1.0,9810.0,1000.0,241.6,8926.0
0.00801,1.0,9810.0,1000.0,279.94,8926.0
0.00801,1.0,9810.0,1000.0,283.0,8926.0
0.008,0.99,9810.0,1007.0,76.90000000000002,8926.0
0.008,0.99,9810.0,1007.0,97.94000000000001,8926.0
0.008,0.99,9810.0,1007.0,117.92,8926.0
0.008,0.99,9810.0,1007.0,128.1,8926.0
0.008,0.99,9810.0,1007.0,140.12,8926.0
0.008,0.99,9810.0,1007.0,159.29,8926.0
0.008,0.99,9810.0,1012.0,179.6,8926.0
0.008,0.99,9810.0,1007.0,199.8,8926.0
0.008,0.99,9810.0,1007.0,234.56,8926.0
0.008,0.99,9810.0,1012.0,249.59,8926.0
0.008,0.99,9810.0,1007.0,265.78,8926.0
0.008,0.99,9810.0,1007.0,284.9,8926.0
0.008,0.99,9810.0,1007.0,298.81,8926.0
0.00799,1.0,9810.0,996.0,133.06,8926.0
0.00799,1.0,9810.0,1001.0,143.17,8926.0
0.00799,1.0,9810.0,1001.0,183.71000000000004,8926.0
0.00799,1.0,9810.0,1001.0,193.71,8926.0
0.00799,1.0,9810.0,1001.0,214.07,8926.0
0.00799,1.0,9810.0,1001.0,223.3,8926.0
0.00799,1.0,9810.0,1001.0,234.56,8926.0
0.00799,1.0,9810.0,1001.0,244.55,8926.0
0.00799,1.0,9810.0,1001.0,254.78,8926.0
0.00799,1.0,9810.0,996.0,264.77,8926.0
0.008,1.0,9810.0,980.0,126.92,8926.0
0.008,1.0,9810.0,980.0,140.12,8926.0
0.008,1.0,9810.0,980.0,159.29,8926.0
0.008,1.0,9810.0,980.0,176.62,8926.0
0.008,1.0,9810.0,980.0,197.77,8926.0
0.008,1.0,9810.0,980.0,271.95,8926.0
0.008,1.0,9810.0,982.0,283.0,8926.0
0.008,1.0,9810.0,975.0,286.97,8926.0
0.00785,1.0,9810.0,1037.0,177.53,8926.0
0.00785,1.0,9810.0,1032.0,195.75,8926.0
0.00785,1.0,9810.0,1032.0,217.16,8926.0
0.00785,1.0,9810.0,1032.0,232.41,8926.0
0.00785,1.0,9610.0,1032.0,267.82,8926.0
0.00785,1.0,9710.0,1020.0,278.9,8926.0
0.007749999999999999,1.008,9810.0,2000.0,130.93,8926.0
0.007749999999999999,1.008,9810.0,2000.0,162.3,8926.0
0.007749999999999999,1.008,9810.0,2000.0,177.53,8926.0
0.007749999999999999,1.008,9810.0,2000.0,194.83999999999997,8926.0
0.007749999999999999,1.008,9510.0,2000.0,217.37000000000003,8926.0
0.007749999999999999,1.008,9810.0,2000.0,233.48,8926.0
0.00796,1.0,9810.0,2000.0,122.9,8926.0
0.00796,1.0,9810.0,2000.0,165.32,8926.0
0.00796,1.0,9810.0,2000.0,180.51,8926.0
0.00796,1.0,9810.0,2000.0,204.06,8926.0
0.00796,1.0,9810.0,2000.0,247.71000000000004,8926.0
0.00796,1.0,9810.0,2000.0,304.72,8926.0
0.00801,1.0,9810.0,2000.0,64.66,8926.0
0.00801,1.0,9810.0,2000.0,77.85000000000001,8926.0
0.00801,1.0,9810.0,2000.0,85.99,8926.0
0.00801,1.0,9810.0,2000.0,103.9,8926.0
0.00801,1.0,9810.0,2000.0,124.08,8926.0
0.00801,1.0,9810.0,2000.0,133.06,8926.0
0.00801,1.0,9810.0,2000.0,143.17,8926.0
0.00801,1.0,9810.0,2000.0,153.23,8926.0
0.00801,1.0,9810.0,2000.0,161.38,8926.0
0.00801,1.0,9810.0,2000.0,220.23,8926.0
0.00801,1.0,9810.0,2000.0,243.5,8926.0
0.00801,1.0,9810.0,2000.0,250.63,8926.0
0.00801,1.0,9810.0,2000.0,268.78,8926.0
0.00801,1.0,9810.0,2000.0,278.98,8926.0
0.00801,1.0,9810.0,2000.0,286.03,8926.0
0.008,0.99,9810.0,2014.0,84.8,8926.0
0.008,0.99,9810.0,2014.0,102.94,8926.0
0.008,0.99,9810.0,2014.0,122.9,8926.0
0.008,0.99,9810.0,2002.0,164.39,8926.0
0.008,0.99,9810.0,2014.0,178.45,8926.0
0.008,0.99,9810.0,2014.0,193.71,8926.0
0.008,0.99,9810.0,2019.0,204.95,8926.0
0.00809,1.0,9810.0,1969.0,222.21,8926.0
0.00809,1.0,9810.0,1969.0,237.55,8926.0
0.00809,1.0,9810.0,1964.0,249.59,8926.0
0.00809,1.0,9810.0,1969.0,274.9,8926.0
0.00809,1.0,9810.0,1964.0,289.02,8926.0
0.00809,1.0,9810.0,1969.0,299.87,8926.0
0.00799,1.0,9810.0,2002.0,143.17,8926.0
0.00799,1.0,9810.0,2002.0,163.23000000000002,8926.0
0.00799,1.0,9810.0,2002.0,173.4,8926.0
0.00799,1.0,9810.0,2008.0,183.71000000000004,8926.0
0.00799,1.0,9810.0,2008.0,193.71,8926.0
0.00799,1.0,9810.0,2002.0,204.06,8926.0
0.00799,1.0,9810.0,2002.0,214.07,8926.0
0.00799,1.0,9810.0,2002.0,224.39,8926.0
0.00799,1.0,9810.0,2002.0,234.56,8926.0
0.00799,1.0,9810.0,2002.0,244.55,8926.0
0.00799,1.0,9810.0,2002.0,254.78,8926.0
0.00799,1.0,9810.0,1997.0,264.77,8926.0
0.00799,1.0,9810.0,2002.0,274.9,8926.0
0.00799,1.0,9810.0,2002.0,284.9,8926.0
0.008,1.0,9810.0,2007.0,146.22,8926.0
0.008,1.0,9810.0,2018.0,154.16,8926.0
0.008,1.0,9810.0,2046.0,160.22,8926.0
0.008,1.0,9900.0,2029.0,164.36000000000004,8926.0
0.008,1.0,9810.0,2018.0,183.71000000000004,8926.0
0.008,1.0,9900.0,1941.0,194.80999999999997,8926.0
0.008,1.0,9810.0,2029.0,223.3,8926.0
0.008,1.0,9810.0,1946.0,227.43,8926.0
0.008,1.0,9900.0,1919.0,235.39000000000001,8926.0
0.008,1.0,9810.0,2018.0,240.53,8926.0
0.008,1.0,9900.0,1941.0,249.57,8926.0
0.008,1.0,9900.0,1941.0,257.64,8926.0
0.008,1.0,9810.0,1919.0,274.9,8926.0
0.008,1.0,9710.0,2018.0,300.84,8926.0
0.008,1.0,9810.0,2018.0,302.84,8926.0
0.008,1.0,9810.0,1998.0,155.33,8926.0
0.008,1.0,9810.0,2011.0,213.18,8926.0
0.008,1.0,9810.0,2003.0,228.30000000000004,8926.0
0.008,1.0,9810.0,1988.0,242.65,8926.0
0.008,1.0,9810.0,1988.0,256.63,8926.0
0.00785,1.0,9810.0,1981.0,176.62,8926.0
0.00785,1.0,9810.0,1981.0,197.77,8926.0
0.00785,1.0,9810.0,1975.0,215.16999999999996,8926.0
0.00785,1.0,9810.0,1981.0,295.96,8926.0
0.007749999999999999,1.008,10100.0,4000.0,222.09,8926.0
0.007749999999999999,1.008,10100.0,4000.0,238.51,8926.0
0.00796,1.0,9810.0,4000.0,126.92,8926.0
0.00796,1.0,9810.0,4000.0,161.38,8926.0
0.00796,1.0,9810.0,4000.0,177.53,8926.0
0.00796,1.0,9810.0,4000.0,199.8,8926.0
0.00796,1.0,9810.0,4000.0,243.5,8926.0
0.00796,1.0,9810.0,4000.0,261.74,8926.0
0.00796,1.0,9810.0,4000.0,283.95,8926.0
0.00801,1.0,9810.0,4000.0,144.11,8926.0
0.00801,1.0,9810.0,4000.0,158.36000000000004,8926.0
0.00801,1.0,9810.0,4000.0,176.62,8926.0
0.00801,1.0,9810.0,4000.0,187.59,8926.0
0.00801,1.0,9810.0,4000.0,193.71,8926.0
0.00801,1.0,9810.0,4000.0,198.9,8926.0
0.00801,1.0,9810.0,4000.0,213.18,8926.0
0.00801,1.0,9810.0,4000.0,221.33,8926.0
0.00801,1.0,9810.0,4000.0,239.47,8926.0
0.00801,1.0,9810.0,4000.0,258.68,8926.0
0.00801,1.0,9810.0,4000.0,272.94,8926.0
0.008,0.99,9810.0,4005.0,124.08,8926.0
0.008,0.99,9810.0,3999.0,138.0,8926.0
0.008,0.99,9810.0,3983.0,147.15,8926.0
0.008,0.99,9810.0,3983.0,161.38,8926.0
0.008,0.99,9810.0,3994.0,171.32,8926.0
0.008,0.99,9810.0,3994.0,179.6,8926.0
0.008,0.99,9810.0,3999.0,191.67,8926.0
0.008,0.99,9810.0,3944.0,204.06,8926.0
0.008,0.99,9810.0,3999.0,218.26000000000002,8926.0
0.008,0.99,9810.0,3977.0,245.61,8926.0
0.008,0.99,9810.0,3955.0,255.81,8926.0
0.008,0.99,9810.0,3972.0,267.78,8926.0
0.008,0.99,9810.0,3983.0,277.82,8926.0
0.00785,1.0,9810.0,4014.0,159.29,8926.0
0.00785,1.0,9810.0,3997.0,184.62999999999997,8926.0
0.00785,1.0,9810.0,3986.0,224.39,8926.0
0.00785,1.0,9900.0,3946.0,275.87,8926.0
0.007749999999999999,1.008,13440.0,500.0,58.43000000000001,8926.0
0.007749999999999999,1.008,13530.0,500.0,81.61,8926.0
0.007749999999999999,1.008,13240.0,500.0,101.66000000000001,8926.0
0.007749999999999999,1.008,13730.0,500.0,105.70999999999998,8926.0
0.007749999999999999,1.008,13829.999999999998,500.0,135.83,8926.0
0.007749999999999999,1.008,13829.999999999998,500.0,160.23000000000002,8926.0
0.007749999999999999,1.008,13630.0,500.0,200.91,8926.0
0.00801,1.0,13730.0,500.0,69.54,8926.0
0.00801,1.0,13730.0,500.0,132.79,8926.0
0.00801,1.0,13730.0,500.0,156.99,8926.0
0.00801,1.0,13730.0,500.0,218.31,8926.0
0.00801,1.0,13730.0,500.0,240.73,8926.0
0.00801,1.0,13730.0,500.0,243.92999999999998,8926.0
0.00801,1.002,13730.0,501.0,85.62,8926.0
0.00801,1.002,13730.0,501.0,119.76000000000002,8926.0
0.00801,1.002,13730.0,501.0,137.75,8926.0
0.00801,1.002,13730.0,501.0,153.95,8926.0
0.00801,1.002,13730.0,501.0,167.23,8926.0
0.00801,1.002,13730.0,501.0,182.46,8926.0
0.00801,1.002,13730.0,501.0,198.85000000000002,8926.0
0.00801,1.002,13730.0,501.0,214.32,8926.0
0.00801,1.002,13630.0,501.0,228.43,8926.0
0.00801,1.002,13730.0,501.0,243.92999999999998,8926.0
0.00801,1.002,13730.0,501.0,258.21,8926.0
0.00801,1.002,13730.0,501.0,289.79,8926.0
0.008,1.0,13730.0,500.0,137.75,8926.0
0.008,1.0,13730.0,500.0,168.15999999999997,8926.0
0.008,1.0,13730.0,500.0,204.93,8926.0
0.008,1.0,13730.0,501.0,228.40999999999997,8926.0
0.008,1.0,13730.0,500.0,240.73,8926.0
0.008,1.0,13730.0,501.0,260.07,8926.0
0.008,1.0,13730.0,501.0,274.45,8926.0
0.008,1.0,13730.0,501.0,296.88,8926.0
0.008,1.0,13730.0,509.0,306.04,8926.0
0.008,1.0,13730.0,501.0,310.03,8926.0
0.007749999999999999,1.008,13730.0,1000.0,221.4,8926.0
0.00801,1.0,13730.0,1000.0,51.25,8926.0
0.00801,1.0,13730.0,1000.0,163.28,8926.0
0.00801,1.0,13730.0,1000.0,193.87,8926.0
0.00801,1.0,13730.0,1000.0,220.3,8926.0
0.00801,1.0,13730.0,1000.0,237.73,8926.0
0.00801,1.0,13730.0,1000.0,254.05,8926.0
0.00801,1.0,13730.0,1000.0,263.15,8926.0
0.00801,1.0,13730.0,1000.0,271.46,8926.0
0.00801,1.0,13730.0,1000.0,283.67,8926.0
0.00801,1.002,13730.0,998.0,77.47,8926.0
0.00801,1.002,13630.0,998.0,179.5,8926.0
0.00801,1.002,13630.0,1003.0,195.71000000000004,8926.0
0.00801,1.002,13730.0,998.0,243.92999999999998,8926.0
0.00801,1.002,13630.0,992.0,270.46,8926.0
0.00801,1.002,13730.0,998.0,300.88,8926.0
0.00801,1.002,13730.0,1003.0,320.91,8926.0
0.00799,1.0,13730.0,1001.0,147.86,8926.0
0.00799,1.0,13730.0,1001.0,193.87,8926.0
0.00799,1.0,13730.0,1001.0,224.47,8926.0
0.00799,1.0,13730.0,1001.0,234.71,8926.0
0.00799,1.0,13730.0,1001.0,265.19,8926.0
0.008,1.0,13730.0,980.0,188.63,8926.0
0.008,1.0,13730.0,980.0,224.47,8926.0
0.008,1.0,13730.0,980.0,236.65,8926.0
0.008,1.0,13730.0,980.0,261.1,8926.0
0.008,1.0,13730.0,980.0,297.79,8926.0
0.008,1.0,13730.0,973.0,311.91,8926.0
0.008,1.0,13730.0,983.0,318.8399999999999,8926.0
0.00785,1.0,13730.0,1032.0,137.75,8926.0
0.00785,1.0,13730.0,1032.0,178.55000000000004,8926.0
0.00785,1.0,13730.0,1049.0,196.82,8926.0
0.00785,1.0,13630.0,1060.0,234.73,8926.0
0.00785,1.0,13630.0,1060.0,272.47,8926.0
0.00785,1.0,13630.0,1060.0,292.8,8926.0
0.00785,1.0,13730.0,1054.0,316.89,8926.0
0.007749999999999999,1.008,13730.0,2000.0,162.12,8926.0
0.007749999999999999,1.008,13730.0,2000.0,233.62999999999997,8926.0
0.007749999999999999,1.008,13530.0,2000.0,262.15,8926.0
0.00796,1.0,13730.0,2000.0,82.5,8926.0
0.00796,1.0,13730.0,2000.0,122.84,8926.0
0.00796,1.0,13730.0,2000.0,140.81,8926.0
0.00796,1.0,13730.0,2000.0,156.99,8926.0
0.00796,1.0,13730.0,2000.0,182.46,8926.0
0.00796,1.0,13730.0,2000.0,202.01,8926.0
0.00796,1.0,13730.0,2000.0,224.47,8926.0
0.00796,1.0,13730.0,2000.0,260.07,8926.0
0.00796,1.0,13730.0,2000.0,281.54,8926.0
0.00796,1.0,13730.0,2000.0,299.98,8926.0
0.00801,1.0,13730.0,2000.0,65.45,8926.0
0.00801,1.0,13730.0,2000.0,77.47,8926.0
0.00801,1.0,13730.0,2000.0,105.70999999999998,8926.0
0.00801,1.0,13730.0,2000.0,134.91,8926.0
0.00801,1.0,13730.0,2000.0,182.46,8926.0
0.00801,1.0,13730.0,2000.0,214.32,8926.0
0.00801,1.0,13730.0,2000.0,220.3,8926.0
0.00801,1.0,13730.0,2000.0,245.84,8926.0
0.00801,1.0,13730.0,2000.0,256.14,8926.0
0.00801,1.0,13730.0,2000.0,274.45,8926.0
0.008,0.99,13730.0,2008.0,91.61000000000001,8926.0
0.008,0.99,13730.0,2008.0,106.66,8926.0
0.008,0.99,13730.0,2002.0,119.76000000000002,8926.0
0.008,0.99,13730.0,2008.0,133.73,8926.0
0.008,0.99,13730.0,2008.0,146.92,8926.0
0.008,0.99,13730.0,2008.0,162.12,8926.0
0.008,0.99,13730.0,2008.0,174.4,8926.0
0.008,0.99,13730.0,2014.0,202.01,8926.0
0.008,0.99,13730.0,2008.0,219.41,8926.0
0.008,0.99,13730.0,2008.0,282.7,8926.0
0.008,0.99,13730.0,2014.0,296.88,8926.0
0.008,0.99,13730.0,2014.0,309.0,8926.0
0.008,0.99,13730.0,2008.0,320.91,8926.0
0.00799,1.0,13730.0,2002.0,142.93,8926.0
0.00799,1.0,13730.0,2008.0,153.02,8926.0
0.00799,1.0,13730.0,2008.0,193.87,8926.0
0.00799,1.0,13730.0,2008.0,224.47,8926.0
0.00799,1.0,13730.0,2008.0,233.62999999999997,8926.0
0.00799,1.0,13730.0,2013.0,255.1,8926.0
0.00799,1.0,13730.0,2008.0,265.19,8926.0
0.00799,1.0,13730.0,2008.0,275.45,8926.0
0.00799,1.0,13730.0,2008.0,285.6,8926.0
0.00799,1.0,13730.0,2008.0,295.77,8926.0
0.00799,1.0,13730.0,1986.0,306.04,8926.0
0.008,1.0,13730.0,2007.0,135.86,8926.0
0.008,1.0,13730.0,2007.0,149.97,8926.0
0.008,1.0,13730.0,2018.0,160.02,8926.0
0.008,1.0,13730.0,2007.0,172.33,8926.0
0.008,1.0,13730.0,2029.0,176.48,8926.0
0.008,1.0,13730.0,2018.0,189.77,8926.0
0.008,1.0,13730.0,2007.0,231.68,8926.0
0.008,1.0,13730.0,2007.0,246.89999999999998,8926.0
0.008,1.0,13730.0,2003.0,267.23,8926.0
0.008,1.0,13730.0,2018.0,274.45,8926.0
0.008,1.0,13730.0,2007.0,291.86,8926.0
0.008,1.0,13730.0,2007.0,301.96,8926.0
0.008,1.0,13730.0,2018.0,317.87,8926.0
0.008,1.0,13730.0,2007.0,321.85,8926.0
0.008,1.0,13730.0,1999.0,90.65,8926.0
0.008,1.0,13630.0,2004.0,131.87,8926.0
0.008,1.0,13730.0,1997.0,139.87,8926.0
0.008,1.0,13630.0,1999.0,147.89,8926.0
0.008,1.0,13440.0,2010.0,155.06,8926.0
0.00785,1.0,13730.0,1983.0,158.16,8926.0
0.00785,1.0,13730.0,1983.0,177.4,8926.0
0.00785,1.0,13730.0,1971.0,200.88,8926.0
0.00785,1.0,13730.0,1971.0,276.44,8926.0
0.00785,1.0,13730.0,1983.0,296.88,8926.0
0.00785,1.0,13730.0,2006.0,317.87,8926.0
0.00796,1.0,13730.0,4000.0,77.47,8926.0
0.00796,1.0,13730.0,4000.0,116.67,8926.0
0.00796,1.0,13730.0,4000.0,136.8,8926.0
0.00796,1.0,13730.0,4000.0,158.16,8926.0
0.00796,1.0,13730.0,4000.0,178.55000000000004,8926.0
0.00796,1.0,13730.0,4000.0,196.82,8926.0
0.00796,1.0,13730.0,4000.0,218.31,8926.0
0.00796,1.0,13730.0,4000.0,241.80000000000004,8926.0
0.00796,1.0,13730.0,4000.0,282.7,8926.0
0.00801,1.0,13730.0,4000.0,145.04,8926.0
0.00801,1.0,13730.0,4000.0,176.48,8926.0
0.00801,1.0,13730.0,4000.0,186.58,8926.0
0.00801,1.0,13730.0,4000.0,194.78,8926.0
0.008,0.99,13630.0,3988.0,168.18999999999997,8926.0
0.008,0.99,13730.0,3988.0,198.85000000000002,8926.0
0.008,0.99,13730.0,3988.0,210.09,8926.0
0.008,0.99,13730.0,3988.0,278.61,8926.0
0.008,0.99,13730.0,3933.0,301.96,8926.0
0.007749999999999999,1.008,17650.0,500.0,163.85,8926.0
0.007749999999999999,1.008,17650.0,500.0,176.16,8926.0
0.00801,1.0,17650.0,500.0,135.41,8926.0
0.00801,1.0,17650.0,500.0,160.81000000000003,8926.0
0.00801,1.0,17650.0,500.0,167.81,8926.0
0.00801,1.0,17650.0,500.0,245.89000000000001,8926.0
0.00801,1.0,17650.0,500.0,273.78,8926.0
0.00801,1.0,17650.0,500.0,276.8,8926.0
0.00801,1.0,17650.0,500.0,310.87,8926.0
0.00801,1.002,17750.0,501.0,111.21,8926.0
0.00801,1.002,17650.0,501.0,125.22,8926.0
0.00801,1.002,17650.0,498.0,157.77,8926.0
0.00801,1.002,17550.0,501.0,178.2,8926.0
0.00801,1.002,17650.0,501.0,195.44,8926.0
0.00801,1.002,17650.0,501.0,216.17,8926.0
0.00801,1.002,17550.0,501.0,244.78,8926.0
0.00801,1.002,17650.0,498.0,280.98,8926.0
0.00801,1.002,17650.0,498.0,295.5,8926.0
0.00801,1.002,17650.0,501.0,309.99,8926.0
0.008,1.0,17650.0,500.0,115.22,8926.0
0.008,1.0,17650.0,500.0,136.36,8926.0
0.008,1.0,17650.0,502.0,171.99,8926.0
0.008,1.0,17650.0,500.0,188.36,8926.0
0.008,1.0,17650.0,500.0,235.54,8926.0
0.008,1.0,17650.0,500.0,307.85,8926.0
0.007749999999999999,1.008,17650.0,1000.0,169.9,8926.0
0.007749999999999999,1.008,17650.0,1000.0,204.72999999999996,8926.0
0.00801,1.0,17650.0,1000.0,86.02,8926.0
0.00801,1.0,17650.0,1000.0,76.89,8926.0
0.00801,1.0,17650.0,1000.0,104.0,8926.0
0.00801,1.0,17650.0,1000.0,119.27,8926.0
0.00801,1.0,17650.0,1000.0,208.78,8926.0
0.00801,1.0,17650.0,1000.0,241.81,8926.0
0.00801,1.0,17650.0,1000.0,274.79,8926.0
0.00801,1.0,17650.0,1000.0,289.2,8926.0
0.00801,1.0,17650.0,1000.0,301.67,8926.0
0.00801,1.0,17650.0,1000.0,321.15,8926.0
0.00801,1.0,17650.0,1000.0,323.2799999999999,8926.0
0.008,0.99,17650.0,1007.0,127.35,8926.0
0.008,0.99,17650.0,1007.0,160.81000000000003,8926.0
0.008,0.99,17550.0,1007.0,185.33,8926.0
0.008,0.99,17650.0,1007.0,281.97,8926.0
0.008,0.99,17650.0,1001.0,311.93,8926.0
0.008,0.99,17650.0,1007.0,321.15,8926.0
0.008,1.0,17650.0,979.0,145.56,8926.0
0.008,1.0,17650.0,982.0,159.65,8926.0
0.008,1.0,17650.0,982.0,180.08,8926.0
0.008,1.0,17650.0,979.0,197.48,8926.0
0.008,1.0,17650.0,979.0,220.17,8926.0
0.008,1.0,17650.0,979.0,256.27,8926.0
0.008,1.0,17650.0,975.0,296.45,8926.0
0.008,1.0,17650.0,975.0,315.06,8926.0
0.008,1.0,17650.0,979.0,323.2799999999999,8926.0
0.008,1.0,17650.0,982.0,336.07,8926.0
0.007749999999999999,1.008,17460.0,2000.0,233.59,8926.0
0.007749999999999999,1.008,17650.0,2000.0,246.96000000000004,8926.0
0.007749999999999999,1.008,17460.0,2000.0,262.32,8926.0
0.008,1.0,17650.0,2000.0,98.01,8926.0
0.008,1.0,17650.0,2000.0,113.07,8926.0
0.008,1.0,17650.0,2000.0,277.8,8926.0
0.00796,1.0,17650.0,2000.0,77.85000000000001,8926.0
0.00796,1.0,17650.0,2000.0,98.01,8926.0
0.00796,1.0,17650.0,2000.0,119.27,8926.0
0.00796,1.0,17650.0,2000.0,160.81000000000003,8926.0
0.00796,1.0,17650.0,2000.0,179.16,8926.0
0.00796,1.0,17650.0,2000.0,227.45999999999998,8926.0
0.00796,1.0,17650.0,2000.0,264.39,8926.0
0.00796,1.0,17650.0,2000.0,286.09,8926.0
0.00796,1.0,17650.0,2000.0,335.2,8926.0
0.00801,1.0,17650.0,2000.0,86.97999999999999,8926.0
0.00801,1.0,17650.0,2000.0,95.14,8926.0
0.00801,1.0,17650.0,2000.0,98.01,8926.0
0.00801,1.0,17650.0,2000.0,120.22000000000001,8926.0
0.00801,1.0,17650.0,2000.0,125.22,8926.0
0.00801,1.0,17650.0,2000.0,126.17,8926.0
0.00801,1.0,17650.0,2000.0,135.41,8926.0
0.00801,1.0,17650.0,2000.0,220.17,8926.0
0.00801,1.0,17650.0,2000.0,262.32,8926.0
0.00801,1.0,17650.0,2000.0,290.36,8926.0
0.008,0.99,17650.0,2008.0,91.05999999999999,8926.0
0.008,0.99,17650.0,2008.0,145.56,8926.0
0.008,0.99,17650.0,2008.0,160.81000000000003,8926.0
0.008,0.99,17650.0,2008.0,172.91,8926.0
0.008,0.99,17650.0,2008.0,187.44,8926.0
0.008,0.99,17650.0,2014.0,199.53,8926.0
0.008,0.99,17650.0,2008.0,226.36,8926.0
0.008,0.99,17650.0,2008.0,249.94,8926.0
0.008,0.99,17650.0,2008.0,268.5,8926.0
0.008,0.99,17650.0,2008.0,294.37,8926.0
0.008,0.99,17650.0,2008.0,308.92,8926.0
0.008,0.99,17650.0,2014.0,322.14,8926.0
0.008,0.99,17650.0,2014.0,333.13,8926.0
0.008,0.99,17650.0,2014.0,339.99000000000007,8926.0
0.008,1.0,17650.0,1997.0,202.7,8926.0
0.008,1.0,17650.0,1997.0,222.16,8926.0
0.008,1.0,17650.0,1997.0,240.74,8926.0
0.008,1.0,17650.0,1997.0,263.36,8926.0
0.008,1.0,17650.0,2000.0,281.97,8926.0
0.008,1.0,17650.0,2000.0,284.14,8926.0
0.008,1.0,17650.0,2000.0,307.85,8926.0
0.008,1.0,17650.0,2000.0,339.03,8926.0
0.008,1.0,17650.0,2000.0,344.7,8926.0
0.00785,1.0,17750.0,1993.0,268.55,8926.0
0.00785,1.0,17850.0,1987.0,308.87,8926.0
0.00785,1.0,17650.0,1970.0,328.24,8926.0
0.00796,1.0,17650.0,4000.0,117.13,8926.0
0.00796,1.0,17650.0,4000.0,138.49,8926.0
0.00796,1.0,17650.0,4000.0,160.81000000000003,8926.0
0.00796,1.0,17650.0,4000.0,181.23,8926.0
0.00796,1.0,17650.0,4000.0,239.65999999999997,8926.0
0.00796,1.0,17650.0,4000.0,260.24,8926.0
0.00796,1.0,17650.0,4000.0,281.97,8926.0
0.00801,1.0,17650.0,4000.0,157.77,8926.0
0.00801,1.0,17650.0,4000.0,165.93999999999997,8926.0
0.00801,1.0,17650.0,4000.0,230.53,8926.0
0.00801,1.0,17650.0,4000.0,276.8,8926.0
0.008,0.99,17650.0,3994.0,178.00000000000003,8926.0
0.008,0.99,17550.0,3988.0,194.48,8926.0
0.008,0.99,17550.0,3977.0,208.97,8926.0
0.008,0.99,17650.0,3988.0,227.45999999999998,8926.0
0.008,0.99,17650.0,3994.0,242.89000000000001,8926.0
0.008,0.99,17550.0,3988.0,258.32,8926.0
0.008,0.99,17550.0,3977.0,291.26,8926.0
0.008,0.99,17650.0,3944.0,304.78,8926.0
0.00801,3.0,6860.0,500.0,161.22,8926.0
0.00801,3.0,6860.0,500.0,175.51,8926.0
0.00801,3.0,6860.0,500.0,192.57,8926.0
0.00801,3.0,6860.0,500.0,204.9,8926.0
0.00801,3.0,6860.0,500.0,222.95,8926.0
0.00801,3.0,6860.0,500.0,232.01999999999998,8926.0
0.00801,3.0,6860.0,500.0,238.2,8926.0
0.00801,3.0,6860.0,500.0,240.1,8926.0
0.00801,3.0,6860.0,500.0,256.3,8926.0
0.00801,3.0,6770.0,501.0,69.07,8926.0
0.00801,3.0,6770.0,505.0,79.13,8926.0
0.00801,3.0,6860.0,501.0,90.98,8926.0
0.00801,3.0,6770.0,501.0,106.07,8926.0
0.00801,3.0,6860.0,501.0,124.0,8926.0
0.00801,3.0,6860.0,501.0,140.24,8926.0
0.00801,3.0,6860.0,501.0,153.32,8926.0
0.00801,3.0,6860.0,497.0,164.23,8926.0
0.00801,3.0,6860.0,505.0,177.57,8926.0
0.00801,3.0,6860.0,501.0,203.79,8926.0
0.00801,3.0,6770.0,501.0,217.99999999999997,8926.0
0.00801,3.0,6860.0,504.0,236.08,8926.0
0.00801,3.0,6860.0,501.0,263.18,8926.0
0.008,3.0,6860.0,500.0,121.16,8926.0
0.008,3.0,6860.0,500.0,147.26,8926.0
0.008,3.0,6860.0,500.0,168.38,8926.0
0.008,3.0,6860.0,500.0,189.63,8926.0
0.008,3.0,6860.0,500.0,207.79000000000002,8926.0
0.008,3.0,6860.0,500.0,243.26,8926.0
0.00801,3.0,6860.0,1000.0,73.06,8926.0
0.00801,3.0,6860.0,1000.0,130.13,8926.0
0.00801,3.0,6860.0,1000.0,151.23,8926.0
0.00801,3.0,6860.0,1000.0,163.3,8926.0
0.00801,3.0,6860.0,1000.0,184.64,8926.0
0.00801,3.0,6860.0,1000.0,211.99999999999997,8926.0
0.00801,3.0,6860.0,1000.0,225.98999999999998,8926.0
0.00801,3.0,6860.0,1000.0,233.09,8926.0
0.00801,3.0,6860.0,1000.0,242.21,8926.0
0.00801,3.0,6860.0,1000.0,247.23,8926.0
0.00801,3.0,6860.0,1000.0,249.31,8926.0
0.00803,3.0,6860.0,1005.0,90.03,8926.0
0.00803,3.0,6860.0,997.0,110.02,8926.0
0.00803,3.0,6860.0,997.0,144.22,8926.0
0.00803,3.0,6860.0,997.0,177.57,8926.0
0.00803,3.0,6860.0,1005.0,211.99999999999997,8926.0
0.00803,3.0,6860.0,997.0,225.98999999999998,8926.0
0.00803,3.0,6860.0,997.0,242.21,8926.0
0.00803,3.0,6860.0,1005.0,255.28,8926.0
0.00803,3.0,6860.0,1005.0,273.24,8926.0
0.00799,3.0,6860.0,996.0,134.13,8926.0
0.00799,3.0,6860.0,1001.0,144.22,8926.0
0.00799,3.0,6860.0,1001.0,163.3,8926.0
0.00799,3.0,6860.0,1001.0,186.69,8926.0
0.00799,3.0,6860.0,996.0,214.86000000000004,8926.0
0.00799,3.0,6860.0,996.0,236.08,8926.0
0.00799,3.0,6860.0,1001.0,245.15,8926.0
0.00799,3.0,6860.0,996.0,255.28,8926.0
0.008,3.0,6860.0,995.0,213.98,8926.0
0.008,3.0,6860.0,1003.0,243.26,8926.0
0.008,3.0,6860.0,995.0,253.23,8926.0
0.008,3.0,6860.0,1003.0,270.31,8926.0
0.00781,3.0,6960.0,1050.0,81.93,8926.0
0.00781,3.0,6770.0,1105.0,130.21,8926.0
0.00781,3.0,6860.0,1114.0,150.3,8926.0
0.00781,3.0,6960.0,1114.0,186.49,8926.0
0.00781,3.0,6770.0,1091.0,212.94999999999996,8926.0
0.00781,3.0,6770.0,1076.0,254.32,8926.0
0.00782,3.0,6860.0,2000.0,132.01,8926.0
0.00796,3.0,6860.0,2000.0,44.76,8926.0
0.00796,3.0,6860.0,2000.0,58.919999999999995,8926.0
0.00796,3.0,6860.0,2000.0,104.08,8926.0
0.00796,3.0,6860.0,2000.0,122.11000000000001,8926.0
0.00796,3.0,6860.0,2000.0,136.25,8926.0
0.00796,3.0,6860.0,2000.0,164.23,8926.0
0.00796,3.0,6860.0,2000.0,181.45,8926.0
0.00796,3.0,6860.0,2000.0,205.79,8926.0
0.00796,3.0,6860.0,2000.0,222.95,8926.0
0.00801,3.0,6860.0,2000.0,90.98,8926.0
0.00801,3.0,6860.0,2000.0,100.99,8926.0
0.00801,3.0,6860.0,2000.0,115.00000000000001,8926.0
0.00801,3.0,6860.0,2000.0,135.07,8926.0
0.00801,3.0,6860.0,2000.0,148.2,8926.0
0.00801,3.0,6860.0,2000.0,157.28,8926.0
0.00801,3.0,6860.0,2000.0,169.31,8926.0
0.00801,3.0,6860.0,2000.0,174.36,8926.0
0.00801,3.0,6860.0,2000.0,189.63,8926.0
0.00801,3.0,6860.0,2000.0,204.9,8926.0
0.00801,3.0,6860.0,2000.0,227.07,8926.0
0.00801,3.0,6860.0,2000.0,240.1,8926.0
0.00801,3.0,6860.0,2000.0,267.16,8926.0
0.00803,3.0,7060.000000000001,1994.0,57.76,8926.0
0.00803,3.0,7160.0,2001.0,96.04,8926.0
0.00803,3.0,7160.0,2005.0,110.08,8926.0
0.00803,3.0,7060.000000000001,2005.0,140.99,8926.0
0.00803,3.0,7060.000000000001,1994.0,153.14,8926.0
0.00803,3.0,7060.000000000001,1992.0,167.28,8926.0
0.00803,3.0,7060.000000000001,1994.0,180.36,8926.0
0.00803,3.0,7160.0,2001.0,229.95,8926.0
0.00803,3.0,6960.0,1968.0,268.19,8926.0
0.00799,3.0,6860.0,2002.0,152.16,8926.0
0.00799,3.0,6860.0,2002.0,163.3,8926.0
0.00799,3.0,6860.0,1997.0,178.48,8926.0
0.00799,3.0,6860.0,1997.0,206.90000000000003,8926.0
0.00799,3.0,6860.0,2002.0,232.01999999999998,8926.0
0.00799,3.0,6860.0,1997.0,244.09999999999997,8926.0
0.00799,3.0,6860.0,2002.0,260.16,8926.0
0.008,3.0,6860.0,1995.0,192.57,8926.0
0.008,3.0,6860.0,2008.0,248.27,8926.0
0.00781,3.0,6860.0,1999.0,67.07,8926.0
0.00781,3.0,6860.0,2007.0,86.21,8926.0
0.00781,3.0,6860.0,2028.0,95.04,8926.0
0.00781,3.0,6860.0,1984.0,113.10999999999999,8926.0
0.00781,3.0,6860.0,1984.0,157.28,8926.0
0.00781,3.0,6770.0,1999.0,210.97,8926.0
0.00781,3.0,6860.0,1996.0,256.3,8926.0
0.00782,3.0,6960.0,4000.0,196.66000000000003,8926.0
0.00796,3.0,6860.0,4000.0,42.84,8926.0
0.00796,3.0,6860.0,4000.0,83.10000000000001,8926.0
0.00796,3.0,6860.0,4000.0,95.99,8926.0
0.00796,3.0,6860.0,4000.0,117.14,8926.0
0.00796,3.0,6860.0,4000.0,169.31,8926.0
0.00796,3.0,6860.0,4000.0,204.9,8926.0
0.00796,3.0,6860.0,4000.0,256.3,8926.0
0.00796,3.0,6860.0,4000.0,264.18,8926.0
0.00801,3.0,6860.0,4000.0,203.79,8926.0
0.00801,3.0,6860.0,4000.0,237.14,8926.0
0.00801,3.0,6860.0,4000.0,249.31,8926.0
0.00801,3.0,6860.0,4000.0,254.26,8926.0
0.00801,3.0,6860.0,4000.0,262.17,8926.0
0.00801,3.0,6860.0,4008.0,190.76,8926.0
0.00801,3.0,6860.0,4008.0,227.07,8926.0
0.00801,3.0,6860.0,4008.0,238.2,8926.0
0.00801,3.0,6860.0,4015.0,252.2,8926.0
0.00801,3.0,6860.0,4019.0,256.3,8926.0
0.00801,3.0,6860.0,4019.0,263.18,8926.0
0.00799,3.0,6860.0,3999.0,245.15,8926.0
0.00799,3.0,6860.0,3982.0,264.18,8926.0
0.00781,3.0,6860.0,3890.0,125.18,8926.0
0.00781,3.0,6860.0,3974.0,147.26,8926.0
0.00781,3.0,6860.0,3960.0,166.31,8926.0
0.00781,3.0,6860.0,3951.0,187.59,8926.0
0.00781,3.0,6860.0,3983.0,206.90000000000003,8926.0
0.00781,3.0,6860.0,3951.0,227.07,8926.0
0.00781,3.0,6860.0,4015.0,249.31,8926.0
0.00781,3.0,6860.0,3991.0,271.29,8926.0
0.00801,3.0,9810.0,500.0,112.94,8926.0
0.00801,3.0,9810.0,500.0,204.06,8926.0
0.00801,3.0,9810.0,500.0,234.56,8926.0
0.00801,3.0,9810.0,500.0,243.5,8926.0
0.00801,3.0,9810.0,500.0,289.94,8926.0
0.00801,3.0,9810.0,501.0,82.88,8926.0
0.00801,3.0,9810.0,501.0,97.94000000000001,8926.0
0.00801,3.0,9810.0,501.0,112.94,8926.0
0.00801,3.0,9810.0,501.0,141.06,8926.0
0.00801,3.0,9810.0,501.0,157.19,8926.0
0.00801,3.0,9810.0,497.0,174.55,8926.0
0.00801,3.0,9810.0,501.0,195.75,8926.0
0.00801,3.0,9810.0,501.0,208.97,8926.0
0.00801,3.0,9810.0,501.0,268.78,8926.0
0.00801,3.0,9810.0,505.0,275.88,8926.0
0.00801,3.0,9810.0,501.0,289.02,8926.0
0.008,3.0,9810.0,507.0,138.0,8926.0
0.008,3.0,9810.0,500.0,169.48,8926.0
0.008,3.0,9810.0,500.0,240.53,8926.0
0.00782,3.0,9510.0,1000.0,243.68,8926.0
0.00801,3.0,9810.0,1000.0,71.86,8926.0
0.00801,3.0,9810.0,1000.0,116.97,8926.0
0.00801,3.0,9810.0,1000.0,118.87,8926.0
0.00801,3.0,9810.0,1000.0,144.11,8926.0
0.00801,3.0,9810.0,1000.0,148.09,8926.0
0.00801,3.0,9810.0,1000.0,181.66000000000003,8926.0
0.00801,3.0,9810.0,1000.0,192.81,8926.0
0.00801,3.0,9810.0,1000.0,202.04,8926.0
0.00801,3.0,9810.0,1000.0,214.07,8926.0
0.00801,3.0,9810.0,1000.0,229.38,8926.0
0.00801,3.0,9810.0,1000.0,229.38,8926.0
0.00801,3.0,9810.0,1000.0,247.71000000000004,8926.0
0.00801,3.0,9810.0,1000.0,251.67,8926.0
0.00801,3.0,9810.0,1000.0,295.96,8926.0
0.00801,3.0,9810.0,1003.0,62.74,8926.0
0.00801,3.0,9810.0,1003.0,82.88,8926.0
0.00801,3.0,9810.0,1009.0,94.83,8926.0
0.00801,3.0,9810.0,1003.0,113.89000000000001,8926.0
0.00801,3.0,9810.0,1009.0,128.1,8926.0
0.00801,3.0,9810.0,1009.0,158.36000000000004,8926.0
0.00801,3.0,9810.0,1009.0,174.55,8926.0
0.00801,3.0,9810.0,1003.0,187.59,8926.0
0.00801,3.0,9900.0,1003.0,204.03,8926.0
0.00801,3.0,9810.0,1009.0,219.14,8926.0
0.00801,3.0,9810.0,1009.0,250.63,8926.0
0.00801,3.0,9810.0,1003.0,293.97,8926.0
0.00801,3.0,9810.0,1003.0,298.81,8926.0
0.00799,3.0,9810.0,1001.0,153.23,8926.0
0.00799,3.0,9810.0,1001.0,173.4,8926.0
0.00799,3.0,9810.0,1001.0,183.71000000000004,8926.0
0.00799,3.0,9810.0,1001.0,193.71,8926.0
0.00799,3.0,9810.0,1001.0,234.56,8926.0
0.00799,3.0,9810.0,1001.0,244.55,8926.0
0.00799,3.0,9810.0,1001.0,252.71,8926.0
0.008,3.0,9810.0,1000.0,206.96,8926.0
0.008,3.0,9810.0,1000.0,228.30000000000004,8926.0
0.008,3.0,9810.0,1000.0,234.56,8926.0
0.008,3.0,9810.0,1000.0,240.53,8926.0
0.008,3.0,9810.0,1000.0,278.98,8926.0
0.008,3.0,9810.0,1000.0,295.96,8926.0
0.00785,3.0,9810.0,1034.0,86.95,8926.0
0.00781,3.0,9610.0,1067.0,97.08,8926.0
0.00785,3.0,9810.0,1040.0,111.03,8926.0
0.00781,3.0,9810.0,1027.0,136.12,8926.0
0.00781,3.0,9810.0,1062.0,177.53,8926.0
0.00781,3.0,10000.0,1040.0,186.71000000000004,8926.0
0.00781,3.0,9810.0,1033.0,218.26000000000002,8926.0
0.00785,3.0,9710.0,1034.0,230.39,8926.0
0.00781,3.0,9710.0,974.0,235.55,8926.0
0.00781,3.0,9810.0,1056.0,254.78,8926.0
0.00781,3.0,10000.0,969.0,278.85,8926.0
0.00785,3.0,9900.0,1040.0,286.02,8926.0
0.00781,3.0,9810.0,1054.0,295.96,8926.0
0.00782,3.0,9900.0,2000.0,86.91,8926.0
0.00782,3.0,10000.0,2000.0,109.87,8926.0
0.00782,3.0,10000.0,2000.0,115.81,8926.0
0.00782,3.0,10000.0,2000.0,127.89,8926.0
0.00782,3.0,9810.0,2000.0,150.19,8926.0
0.00782,3.0,9810.0,2000.0,173.4,8926.0
0.00782,3.0,9810.0,2000.0,182.57,8926.0
0.00782,3.0,10000.0,2000.0,198.71000000000004,8926.0
0.00782,3.0,10000.0,2000.0,214.11000000000004,8926.0
0.00782,3.0,9610.0,2000.0,231.39,8926.0
0.00782,3.0,10000.0,2000.0,240.58,8926.0
0.00796,3.0,9810.0,2000.0,57.7,8926.0
0.00796,3.0,9810.0,2000.0,78.81,8926.0
0.00796,3.0,9810.0,2000.0,125.03,8926.0
0.00796,3.0,9810.0,2000.0,160.22,8926.0
0.00796,3.0,9810.0,2000.0,175.47,8926.0
0.00796,3.0,9810.0,2000.0,218.26000000000002,8926.0
0.00796,3.0,9810.0,2000.0,237.55,8926.0
0.00796,3.0,9810.0,2000.0,249.59,8926.0
0.00796,3.0,9810.0,2000.0,294.88,8926.0
0.00796,3.0,9810.0,2000.0,296.86,8926.0
0.00801,3.0,9810.0,2000.0,49.53,8926.0
0.00801,3.0,9810.0,2000.0,92.92,8926.0
0.00801,3.0,9810.0,2000.0,94.83,8926.0
0.00801,3.0,9810.0,2000.0,118.87,8926.0
0.00801,3.0,9810.0,2000.0,133.06,8926.0
0.00801,3.0,9810.0,2000.0,134.94,8926.0
0.00801,3.0,9810.0,2000.0,150.19,8926.0
0.00801,3.0,9810.0,2000.0,177.53,8926.0
0.00801,3.0,9810.0,2000.0,186.67999999999998,8926.0
0.00801,3.0,9810.0,2000.0,191.67,8926.0
0.00801,3.0,9810.0,2000.0,204.95,8926.0
0.00801,3.0,9810.0,2000.0,215.16999999999996,8926.0
0.00801,3.0,9810.0,2000.0,228.30000000000004,8926.0
0.00801,3.0,9810.0,2000.0,241.6,8926.0
0.00801,3.0,9810.0,2000.0,257.66,8926.0
0.00801,3.0,9810.0,2000.0,266.78,8926.0
0.00801,3.0,9810.0,2000.0,290.87,8926.0
0.00801,3.0,9810.0,2007.0,83.84,8926.0
0.00801,3.0,9810.0,2007.0,116.02,8926.0
0.00801,3.0,9810.0,2007.0,130.93,8926.0
0.00801,3.0,9810.0,2007.0,148.09,8926.0
0.00801,3.0,9810.0,2007.0,163.23000000000002,8926.0
0.00801,3.0,9810.0,2007.0,174.55,8926.0
0.00801,3.0,9810.0,2012.0,204.06,8926.0
0.00801,3.0,9810.0,2012.0,218.26000000000002,8926.0
0.00801,3.0,9810.0,2007.0,232.41,8926.0
0.00801,3.0,9810.0,2012.0,286.03,8926.0
0.00795,3.0,9810.0,2060.0,106.99,8926.0
0.00795,3.0,9810.0,2030.0,121.00000000000001,8926.0
0.00795,3.0,9810.0,2000.0,153.23,8926.0
0.00795,3.0,9810.0,2040.0,188.72,8926.0
0.00795,3.0,9810.0,1981.0,198.9,8926.0
0.00795,3.0,9810.0,2000.0,229.38,8926.0
0.00795,3.0,9810.0,1990.0,238.41,8926.0
0.00795,3.0,9810.0,1950.0,254.78,8926.0
0.00799,3.0,9810.0,1997.0,133.06,8926.0
0.00799,3.0,9810.0,2008.0,173.4,8926.0
0.00799,3.0,9810.0,2002.0,183.71000000000004,8926.0
0.00799,3.0,9810.0,2002.0,193.71,8926.0
0.00799,3.0,9810.0,1991.0,224.39,8926.0
0.00799,3.0,9810.0,1997.0,234.56,8926.0
0.00799,3.0,9810.0,2002.0,244.55,8926.0
0.00799,3.0,9810.0,2002.0,254.78,8926.0
0.00799,3.0,9810.0,2002.0,264.77,8926.0
0.00799,3.0,9810.0,2002.0,273.92,8926.0
0.00799,3.0,9810.0,2002.0,284.9,8926.0
0.008,3.0,9810.0,2000.0,188.72,8926.0
0.008,3.0,9810.0,1995.0,227.43,8926.0
0.008,3.0,9810.0,2000.0,295.96,8926.0
0.00781,3.0,9810.0,2007.0,74.74,8926.0
0.00785,3.0,9810.0,2028.0,91.01,8926.0
0.00781,3.0,9710.0,2030.0,97.87,8926.0
0.00781,3.0,9610.0,1984.0,108.99,8926.0
0.00785,3.0,9900.0,1982.0,118.83,8926.0
0.00785,3.0,9710.0,1999.0,139.11,8926.0
0.00785,3.0,9900.0,2010.0,160.18,8926.0
0.00781,3.0,9710.0,2048.0,164.32,8926.0
0.00785,3.0,9810.0,1987.0,181.66000000000003,8926.0
0.00781,3.0,9710.0,1972.0,187.74,8926.0
0.00785,3.0,9610.0,1993.0,201.0,8926.0
0.00781,3.0,9900.0,2042.0,211.16,8926.0
0.00785,3.0,9810.0,2028.0,223.3,8926.0
0.00781,3.0,9710.0,1984.0,227.36,8926.0
0.00781,3.0,9810.0,2036.0,251.67,8926.0
0.00781,3.0,9810.0,2002.0,269.77,8926.0
0.00781,3.0,9810.0,2036.0,280.9,8926.0
0.00781,3.0,9900.0,1996.0,292.88,8926.0
0.00782,3.0,9810.0,4000.0,171.32,8926.0
0.00782,3.0,9810.0,4000.0,178.45,8926.0
0.00782,3.0,9810.0,4000.0,188.72,8926.0
0.00782,3.0,9900.0,4000.0,194.80999999999997,8926.0
0.00782,3.0,9810.0,4000.0,208.07999999999998,8926.0
0.00782,3.0,9900.0,4000.0,224.36,8926.0
0.00782,3.0,9510.0,4000.0,241.57,8926.0
0.00782,3.0,9610.0,4000.0,248.59999999999997,8926.0
0.00796,3.0,9810.0,4000.0,41.59,8926.0
0.00796,3.0,9810.0,4000.0,58.660000000000004,8926.0
0.00796,3.0,9810.0,4000.0,75.94,8926.0
0.00796,3.0,9810.0,4000.0,163.23000000000002,8926.0
0.00796,3.0,9810.0,4000.0,183.71000000000004,8926.0
0.00796,3.0,9810.0,4000.0,200.92,8926.0
0.00801,3.0,9810.0,4000.0,202.04,8926.0
0.00801,3.0,9810.0,4000.0,246.66,8926.0
0.00801,3.0,9810.0,4000.0,249.59,8926.0
0.00801,3.0,9810.0,4000.0,264.77,8926.0
0.00801,3.0,9810.0,4000.0,278.98,8925.995823383331
0.00801,3.0,9810.0,4000.0,284.9,8926.0
0.00801,3.0,9810.0,4000.0,290.87,8926.0
0.00801,3.0,9710.0,4030.0,159.21,8926.0
0.00801,3.0,9810.0,4030.0,167.4,8926.0
0.00801,3.0,9810.0,4024.0,173.4,8926.0
0.00801,3.0,9810.0,4030.0,183.71000000000004,8926.0
0.00801,3.0,9900.0,4030.0,215.15,8926.0
0.00801,3.0,9810.0,4008.0,227.43,8926.0
0.00801,3.0,9810.0,4004.0,235.41,8926.0
0.00801,3.0,9810.0,4012.0,253.74000000000004,8926.0
0.00801,3.0,9810.0,4008.0,266.78,8926.0
0.00801,3.0,9810.0,3987.0,283.0,8926.0
0.00801,3.0,9810.0,3972.0,291.97,8926.0
0.00801,3.0,9810.0,3983.0,298.81,8926.0
0.00795,3.0,9810.0,4087.0,168.32,8926.0
0.00795,3.0,9810.0,4031.0,188.72,8926.0
0.00795,3.0,9810.0,4025.0,197.77,8926.0
0.00795,3.0,9810.0,4000.0,211.19,8926.0
0.00795,3.0,9810.0,4036.0,220.23,8926.0
0.00795,3.0,9810.0,4000.0,227.43,8926.0
0.00795,3.0,9810.0,4010.0,239.47,8926.0
0.00795,3.0,9810.0,4005.0,251.67,8926.0
0.00795,3.0,9810.0,4109.0,259.7,8926.0
0.00795,3.0,9810.0,4134.0,270.96,8926.0
0.00795,3.0,9810.0,4034.0,280.9,8926.0
0.00799,3.0,9810.0,4015.0,212.08,8926.0
0.00799,3.0,9810.0,3988.0,223.3,8926.0
0.00799,3.0,9810.0,3999.0,255.81,8926.0
0.00799,3.0,9810.0,3999.0,274.9,8926.0
0.00781,3.0,9710.0,3945.0,100.01,8926.0
0.00781,3.0,9610.0,3968.0,115.17,8926.0
0.00781,3.0,9900.0,3919.0,156.23,8926.0
0.00781,3.0,9510.0,4061.0,221.32,8926.0
0.00781,3.0,9610.0,4015.0,257.71,8926.0
0.00781,3.0,9610.0,3942.0,274.93,8926.0
0.00781,3.0,9900.0,4026.0,298.82,8926.0
0.00801,3.0,13730.0,500.0,74.58,8926.0
0.00801,3.0,13730.0,500.0,90.65,8926.0
0.00801,3.0,13730.0,500.0,202.91,8926.0
0.00801,3.0,13730.0,500.0,247.96,8926.0
0.00801,3.0,13730.0,500.0,274.45,8926.0
0.00801,3.0,13730.0,500.0,302.86,8926.0
0.00801,3.0,13730.0,501.0,83.46000000000001,8926.0
0.00801,3.0,13730.0,501.0,93.52,8926.0
0.00801,3.0,13730.0,497.0,109.76,8926.0
0.00801,3.0,13829.999999999998,501.0,125.66,8926.0
0.00801,3.0,13730.0,501.0,140.81,8926.0
0.00801,3.0,13730.0,501.0,174.4,8926.0
0.00801,3.0,13730.0,501.0,192.73,8926.0
0.00801,3.0,13730.0,501.0,214.32,8926.0
0.00801,3.0,13730.0,501.0,262.13,8926.0
0.00801,3.0,13730.0,501.0,288.66,8926.0
0.008,3.0,13730.0,500.0,145.98,8926.0
0.008,3.0,13730.0,500.0,180.39000000000001,8926.0
0.008,3.0,13730.0,500.0,264.17,8926.0
0.008,3.0,13730.0,500.0,296.88,8926.0
0.008,3.0,13730.0,500.0,313.92,8926.0
0.00782,3.0,13730.0,1000.0,182.46,8926.0
0.00782,3.0,13730.0,1000.0,213.21,8926.0
0.00782,3.0,13730.0,1000.0,241.80000000000004,8926.0
0.00801,3.0,13730.0,1000.0,71.46,8926.0
0.00801,3.0,13730.0,1000.0,83.46000000000001,8926.0
0.00801,3.0,13730.0,1000.0,118.81,8926.0
0.00801,3.0,13730.0,1000.0,153.02,8926.0
0.00801,3.0,13730.0,1000.0,169.32,8926.0
0.00801,3.0,13730.0,1000.0,202.91,8926.0
0.00801,3.0,13730.0,1000.0,214.32,8926.0
0.00801,3.0,13730.0,1000.0,232.54,8926.0
0.00801,3.0,13730.0,1000.0,242.87,8926.0
0.00801,3.0,13730.0,1000.0,245.84,8926.0
0.00801,3.0,13730.0,1000.0,254.05,8926.0
0.00801,3.0,13730.0,1000.0,278.61,8926.0
0.00801,3.0,13730.0,1000.0,310.03,8926.0
0.00801,3.0,13730.0,1000.0,320.91,8926.0
0.00801,3.0,13730.0,1009.0,62.32999999999999,8926.0
0.00801,3.0,13730.0,1003.0,84.66,8926.0
0.00801,3.0,13730.0,1009.0,166.3,8926.0
0.00801,3.0,13730.0,1009.0,190.68,8926.0
0.00801,3.0,13730.0,1009.0,263.15,8926.0
0.00801,3.0,13730.0,1003.0,278.61,8926.0
0.00801,3.0,13730.0,998.0,295.77,8926.0
0.00801,3.0,13730.0,1009.0,307.96,8926.0
0.00801,3.0,13730.0,1009.0,324.63,8926.0
0.00799,3.0,13730.0,996.0,132.79,8926.0
0.00799,3.0,13730.0,1001.0,142.93,8926.0
0.00799,3.0,13730.0,1001.0,153.02,8926.0
0.00799,3.0,13730.0,1001.0,163.28,8926.0
0.00799,3.0,13730.0,1001.0,193.87,8926.0
0.00799,3.0,13730.0,1001.0,202.91,8926.0
0.00799,3.0,13730.0,996.0,224.47,8926.0
0.00799,3.0,13730.0,1001.0,234.71,8926.0
0.00799,3.0,13730.0,1007.0,255.1,8926.0
0.00799,3.0,13730.0,1007.0,265.19,8926.0
0.00799,3.0,13730.0,1007.0,274.45,8926.0
0.00799,3.0,13730.0,1007.0,285.6,8926.0
0.008,3.0,13730.0,978.0,194.78,8926.0
0.008,3.0,13730.0,978.0,210.09,8926.0
0.008,3.0,13730.0,989.0,228.40999999999997,8926.0
0.008,3.0,13730.0,978.0,240.73,8926.0
0.008,3.0,13730.0,978.0,261.1,8926.0
0.008,3.0,13730.0,996.0,274.45,8926.0
0.008,3.0,13730.0,996.0,307.96,8926.0
0.008,3.0,13730.0,983.0,320.91,8926.0
0.00781,3.0,13730.0,1033.0,82.5,8926.0
0.00781,3.0,13730.0,1063.0,92.57,8926.0
0.00781,3.0,13530.0,951.0,112.69,8926.0
0.00781,3.0,13630.0,1027.0,126.67,8926.0
0.00781,3.0,13730.0,951.0,150.91,8926.0
0.00781,3.0,13829.999999999998,998.0,186.55,8926.0
0.00781,3.0,13530.0,969.0,217.24,8926.0
0.00781,3.0,13930.0,1005.0,238.76,8926.0
0.00781,3.0,13829.999999999998,1050.0,247.94000000000003,8926.0
0.00781,3.0,13730.0,1080.0,268.24,8926.0
0.00781,3.0,13829.999999999998,1056.0,279.58,8926.0
0.00781,3.0,13829.999999999998,1103.0,301.97,8926.0
0.00781,3.0,13829.999999999998,1056.0,311.07,8926.0
0.00782,3.0,13730.0,2000.0,115.71,8926.0
0.00782,3.0,13730.0,2000.0,124.74,8926.0
0.00782,3.0,13730.0,2000.0,172.33,8926.0
0.00782,3.0,13730.0,2000.0,200.88,8926.0
0.00782,3.0,13730.0,2000.0,231.68,8926.0
0.00796,3.0,13730.0,2000.0,56.309999999999995,8926.0
0.00796,3.0,13730.0,2000.0,79.63,8926.0
0.00796,3.0,13730.0,2000.0,98.55,8926.0
0.00796,3.0,13730.0,2000.0,119.76000000000002,8926.0
0.00796,3.0,13730.0,2000.0,136.8,8926.0
0.00796,3.0,13730.0,2000.0,181.54,8926.0
0.00796,3.0,13730.0,2000.0,198.85000000000002,8926.0
0.00796,3.0,13730.0,2000.0,244.78,8926.0
0.00796,3.0,13730.0,2000.0,266.21,8926.0
0.00796,3.0,13730.0,2000.0,287.7,8926.0
0.00801,3.0,13730.0,2000.0,90.65,8926.0
0.00801,3.0,13730.0,2000.0,95.68,8926.0
0.00801,3.0,13730.0,2000.0,104.76,8926.0
0.00801,3.0,13730.0,2000.0,113.56999999999998,8926.0
0.00801,3.0,13730.0,2000.0,113.56999999999998,8926.0
0.00801,3.0,13730.0,2000.0,133.73,8926.0
0.00801,3.0,13730.0,2000.0,136.8,8926.0
0.00801,3.0,13730.0,2000.0,137.75,8926.0
0.00801,3.0,13730.0,2000.0,149.97,8926.0
0.00801,3.0,13730.0,2000.0,160.02,8926.0
0.00801,3.0,13730.0,2000.0,208.07,8926.0
0.00801,3.0,13730.0,2000.0,229.5,8926.0
0.00801,3.0,13730.0,2000.0,243.92999999999998,8926.0
0.00801,3.0,13730.0,2000.0,260.07,8926.0
0.00801,3.0,13730.0,2000.0,306.92,8926.0
0.00803,3.0,13630.0,2007.0,125.72,8926.0
0.00803,3.0,13730.0,1997.0,158.16,8926.0
0.00803,3.0,13829.999999999998,1997.0,171.37,8926.0
0.00803,3.0,13730.0,1997.0,179.47000000000003,8926.0
0.00803,3.0,13730.0,1997.0,204.93,8926.0
0.00803,3.0,13730.0,2004.0,231.68,8926.0
0.00803,3.0,13730.0,1997.0,245.84,8926.0
0.00803,3.0,13730.0,2001.0,258.21,8926.0
0.00803,3.0,13829.999999999998,2001.0,270.45,8926.0
0.00803,3.0,13730.0,2001.0,285.6,8926.0
0.00803,3.0,13730.0,1997.0,300.88,8926.0
0.00799,3.0,13730.0,2002.0,142.93,8926.0
0.00799,3.0,13730.0,2002.0,163.28,8926.0
0.00799,3.0,13730.0,2002.0,183.6,8926.0
0.00799,3.0,13730.0,2008.0,204.04000000000002,8926.0
0.00799,3.0,13730.0,2024.0,224.47,8926.0
0.00799,3.0,13730.0,2013.0,255.1,8926.0
0.00799,3.0,13730.0,2008.0,275.45,8926.0
0.00799,3.0,13730.0,2013.0,285.6,8926.0
0.008,3.0,13630.0,2000.0,216.34,8926.0
0.008,3.0,13730.0,2000.0,242.87,8926.0
0.008,3.0,13730.0,2050.0,276.44,8926.0
0.008,3.0,13730.0,2039.0,289.79,8926.0
0.008,3.0,13730.0,2028.0,299.98,8926.0
0.00781,3.0,13829.999999999998,2029.0,80.55,8926.0
0.00781,3.0,13930.0,2061.0,113.74,8926.0
0.00781,3.0,13630.0,2025.0,133.76,8926.0
0.00785,3.0,13829.999999999998,1952.0,150.88,8926.0
0.00781,3.0,13730.0,2025.0,175.33,8926.0
0.00785,3.0,13829.999999999998,1975.0,191.8,8926.0
0.00785,3.0,13930.0,1981.0,230.55000000000004,8926.0
0.00781,3.0,13829.999999999998,2025.0,240.71,8926.0
0.00781,3.0,13530.0,1961.0,257.2,8926.0
0.00785,3.0,14020.0,1981.0,289.71,8926.0
0.00781,3.0,13630.0,1955.0,298.88,8926.0
0.00782,3.0,13730.0,4000.0,200.88,8926.0
0.00782,3.0,13730.0,4000.0,232.54,8926.0
0.00801,3.0,13730.0,4000.0,202.91,8926.0
0.00801,3.0,13730.0,4000.0,206.05999999999997,8926.0
0.00801,3.0,13730.0,4000.0,217.2,8926.0
0.00801,3.0,13730.0,4000.0,236.65,8926.0
0.00801,3.0,13730.0,4000.0,242.87,8926.0
0.00801,3.0,13730.0,4000.0,243.92999999999998,8926.0
0.00801,3.0,13730.0,4000.0,258.21,8926.0
0.00801,3.0,13730.0,4000.0,292.8,8926.0
0.00801,3.0,13730.0,4008.0,188.63,8926.0
0.00801,3.0,13730.0,4008.0,225.35,8926.0
0.00801,3.0,13730.0,4008.0,233.62999999999997,8926.0
0.00801,3.0,13730.0,4015.0,253.01,8926.0
0.00801,3.0,13730.0,4019.0,275.45,8926.0
0.00801,3.0,13630.0,4030.0,302.85,8926.0
0.00801,3.0,13630.0,4019.0,313.91,8926.0
0.00795,3.0,13730.0,4026.0,244.78,8926.0
0.00795,3.0,13730.0,3950.0,254.05,8926.0
0.00795,3.0,13730.0,3932.0,265.19,8926.0
0.00795,3.0,13730.0,4000.0,285.6,8926.0
0.00795,3.0,13730.0,4033.0,306.92,8926.0
0.00799,3.0,13730.0,3999.0,253.01,8926.0
0.00799,3.0,13730.0,4010.0,265.19,8926.0
0.00799,3.0,13730.0,4010.0,275.45,8926.0
0.00799,3.0,13730.0,3988.0,283.67,8926.0
0.00799,3.0,13730.0,3999.0,300.88,8926.0
0.00781,3.0,13930.0,3910.0,133.91,8926.0
0.00781,3.0,13730.0,3884.0,153.02,8926.0
0.00781,3.0,13730.0,4004.0,171.4,8926.0
0.00781,3.0,13930.0,3832.0,189.72,8926.0
0.00781,3.0,13930.0,3910.0,200.83,8926.0
0.00781,3.0,13930.0,4110.0,257.15,8926.0
0.00781,3.0,13630.0,3930.0,270.46,8926.0
0.00781,3.0,13930.0,4077.0,287.7,8926.0
0.00781,3.0,13630.0,3930.0,301.95,8926.0
0.00781,3.0,13730.0,4055.0,326.58,8926.0
0.00801,3.0,17650.0,500.0,91.05999999999999,8926.0
0.00801,3.0,17650.0,500.0,158.71,8926.0
0.00801,3.0,17650.0,500.0,175.00000000000003,8926.0
0.00801,3.0,17650.0,500.0,202.7,8926.0
0.00801,3.0,17650.0,500.0,226.36,8926.0
0.00801,3.0,17650.0,500.0,240.74,8926.0
0.00801,3.0,17650.0,500.0,268.5,8926.0
0.00801,3.0,17650.0,500.0,288.23,8926.0
0.00801,3.0,17650.0,500.0,307.85,8926.0
0.00801,3.0,17650.0,500.0,311.93,8926.0
0.00801,3.0,17650.0,500.0,331.18,8926.0
0.00801,3.0,17650.0,501.0,80.02,8926.0
0.00801,3.0,17650.0,501.0,97.05999999999999,8926.0
0.00801,3.0,17650.0,501.0,118.08,8926.0
0.00801,3.0,17550.0,496.0,136.32,8926.0
0.00801,3.0,17650.0,501.0,150.5,8926.0
0.00801,3.0,17650.0,496.0,168.97000000000003,8926.0
0.00801,3.0,17650.0,496.0,183.31,8926.0
0.00801,3.0,17650.0,501.0,220.17,8926.0
0.00801,3.0,17550.0,496.0,271.71,8926.0
0.00801,3.0,17650.0,501.0,332.23,8926.0
0.008,3.0,17650.0,508.0,147.45,8926.0
0.008,3.0,17650.0,508.0,183.31,8926.0
0.008,3.0,17650.0,500.0,213.04000000000002,8926.0
0.008,3.0,17650.0,500.0,266.45,8926.0
0.008,3.0,17650.0,500.0,321.15,8926.0
0.00801,3.0,17650.0,1000.0,149.56,8926.0
0.00801,3.0,17650.0,1000.0,201.78999999999996,8926.0
0.00801,3.0,17650.0,1000.0,215.05,8926.0
0.00801,3.0,17650.0,1000.0,232.49,8926.0
0.00801,3.0,17650.0,1000.0,248.03,8926.0
0.00801,3.0,17650.0,1000.0,279.0,8926.0
0.00803,3.0,17650.0,1005.0,80.98,8926.0
0.00803,3.0,17650.0,1005.0,112.12,8926.0
0.00803,3.0,17650.0,1009.0,147.45,8926.0
0.00803,3.0,17650.0,1005.0,171.06,8926.0
0.00803,3.0,17650.0,1009.0,183.31,8926.0
0.00803,3.0,17650.0,1009.0,199.53,8926.0
0.00803,3.0,17650.0,1009.0,215.05,8926.0
0.00803,3.0,17650.0,1009.0,226.36,8926.0
0.00803,3.0,17550.0,1005.0,245.85,8926.0
0.00803,3.0,17650.0,1009.0,257.32,8926.0
0.00803,3.0,17650.0,1005.0,275.8,8926.0
0.00803,3.0,17650.0,1005.0,286.09,8926.0
0.00803,3.0,17550.0,1005.0,301.61,8926.0
0.00803,3.0,17650.0,1005.0,318.13,8926.0
0.00803,3.0,17550.0,1009.0,332.16,8926.0
0.008,3.0,17650.0,995.0,178.00000000000003,8926.0
0.008,3.0,17750.0,989.0,282.03,8926.0
0.00785,3.0,17550.0,1005.0,69.88,8926.0
0.00781,3.0,17650.0,1033.0,81.94,8926.0
0.00785,3.0,17550.0,1034.0,92.94999999999999,8926.0
0.00785,3.0,17650.0,1005.0,101.13,8926.0
0.00781,3.0,17850.0,1033.0,126.26,8926.0
0.00785,3.0,17750.0,1086.0,135.22,8926.0
0.00781,3.0,17850.0,1021.0,163.71,8926.0
0.00781,3.0,17550.0,1018.0,183.27,8926.0
0.00781,3.0,17550.0,1033.0,202.66,8926.0
0.00781,3.0,17650.0,1014.0,223.27,8926.0
0.00781,3.0,17550.0,1021.0,245.85,8926.0
0.00785,3.0,17550.0,1023.0,263.31,8926.0
0.00781,3.0,17550.0,1033.0,287.21,8926.0
0.00785,3.0,17550.0,1074.0,297.52,8926.0
0.00781,3.0,17650.0,1044.0,328.24,8926.0
0.00782,3.0,17650.0,2000.0,190.42,8926.0
0.00796,3.0,17650.0,2000.0,68.95,8926.0
0.00796,3.0,17650.0,2000.0,87.94,8926.0
0.00796,3.0,17650.0,2000.0,124.27,8926.0
0.00796,3.0,17650.0,2000.0,135.41,8926.0
0.00796,3.0,17650.0,2000.0,160.81000000000003,8926.0
0.00796,3.0,17650.0,2000.0,175.00000000000003,8926.0
0.00796,3.0,17650.0,2000.0,201.78999999999996,8926.0
0.00796,3.0,17650.0,2000.0,217.06,8926.0
0.00796,3.0,17650.0,2000.0,241.81,8926.0
0.00801,3.0,17650.0,2000.0,71.84,8926.0
0.00801,3.0,17650.0,2000.0,81.94,8926.0
0.00801,3.0,17650.0,2000.0,97.05999999999999,8926.0
0.00801,3.0,17650.0,2000.0,133.28,8926.0
0.00801,3.0,17650.0,2000.0,169.9,8926.0
0.00801,3.0,17650.0,2000.0,194.52,8926.0
0.00801,3.0,17650.0,2000.0,220.17,8926.0
0.00801,3.0,17650.0,2000.0,237.71,8926.0
0.00801,3.0,17650.0,2000.0,265.42,8926.0
0.00801,3.0,17650.0,2000.0,300.56,8926.0
0.00801,3.0,17650.0,2000.0,315.06,8926.0
0.00801,3.0,17650.0,2000.0,327.3,8926.0
0.00801,3.0,17650.0,2000.0,341.87,8926.0
0.00803,3.0,17750.0,1998.0,88.93999999999998,8926.0
0.00803,3.0,17650.0,1998.0,105.19,8926.0
0.00803,3.0,17550.0,1993.0,122.33,8926.0
0.00803,3.0,17650.0,2001.0,135.41,8926.0
0.00803,3.0,17650.0,2001.0,147.45,8926.0
0.00803,3.0,17650.0,1998.0,178.00000000000003,8926.0
0.00803,3.0,17650.0,2001.0,224.37,8926.0
0.00803,3.0,17650.0,1998.0,239.65999999999997,8926.0
0.00803,3.0,17650.0,2001.0,251.0,8926.0
0.00803,3.0,17550.0,2001.0,268.65,8926.0
0.008,3.0,17650.0,2000.0,187.44,8926.0
0.008,3.0,17650.0,1995.0,215.05,8926.0
0.008,3.0,17460.0,2000.0,293.4,8926.0
0.00785,3.0,17750.0,1965.0,59.59,8926.0
0.00785,3.0,17750.0,1970.0,121.22,8926.0
0.00781,3.0,17750.0,1996.0,136.4,8926.0
0.00781,3.0,17460.0,1970.0,165.96999999999997,8926.0
0.00781,3.0,17650.0,1996.0,175.00000000000003,8926.0
0.00781,3.0,17550.0,1984.0,236.58000000000004,8926.0
0.00785,3.0,17460.0,1981.0,249.94,8926.0
0.00781,3.0,17550.0,1984.0,259.36,8926.0
0.00781,3.0,17360.0,1967.0,279.94,8926.0
0.00781,3.0,17650.0,2007.0,299.63,8926.0
0.00781,3.0,17360.0,1984.0,321.03,8926.0
0.00782,3.0,17650.0,4000.0,204.72999999999996,8926.0
0.00782,3.0,17650.0,4000.0,240.74,8926.0
0.00782,3.0,17460.0,4000.0,259.2,8926.0
0.00796,3.0,17650.0,4000.0,96.1,8926.0
0.00796,3.0,17650.0,4000.0,156.6,8926.0
0.00796,3.0,17650.0,4000.0,181.23,8926.0
0.00796,3.0,17650.0,4000.0,196.56999999999996,8926.0
0.00796,3.0,17650.0,4000.0,220.17,8926.0
0.00796,3.0,17650.0,4000.0,239.65999999999997,8926.0
0.00796,3.0,17650.0,4000.0,266.45,8926.0
0.00796,3.0,17650.0,4000.0,280.98,8926.0
0.00796,3.0,17650.0,4000.0,291.32,8926.0
0.00801,3.0,17650.0,4000.0,208.78,8926.0
0.00801,3.0,17650.0,4000.0,254.17,8926.0
0.00801,3.0,17650.0,4000.0,258.16,8926.0
0.00801,3.0,17650.0,4000.0,269.52,8926.0
0.00801,3.0,17650.0,4000.0,285.12,8926.0
0.00801,3.0,17650.0,4000.0,314.02,8926.0
0.00801,3.0,17650.0,4000.0,322.14,8926.0
0.00801,3.0,17650.0,4000.0,325.23,8926.0
0.00801,3.0,17650.0,4000.0,329.18,8926.0
0.00801,3.0,17550.0,4008.0,208.97,8926.0
0.00801,3.0,17650.0,3998.0,225.26,8926.0
0.00801,3.0,17550.0,4008.0,255.18000000000004,8926.0
0.00801,3.0,17650.0,4018.0,271.76,8926.0
0.00801,3.0,17650.0,4097.0,288.23,8926.0
0.00801,3.0,17650.0,4060.0,299.63,8926.0
0.00801,3.0,17650.0,3990.0,341.87,8926.0
0.00781,3.0,17460.0,3982.0,167.83,8926.0
0.00785,3.0,17460.0,3855.0,188.38000000000002,8926.0
0.00785,3.0,17650.0,3861.0,237.71,8926.0
0.00781,3.0,17650.0,4037.0,246.96000000000004,8926.0
0.00781,3.0,17750.0,4020.0,297.63,8926.0
0.00785,3.0,17550.0,3746.0,316.03,8926.0
0.00801,6.0,6860.0,498.0,120.21,8926.0
0.00801,6.0,6860.0,498.0,155.19,8926.0
0.00801,6.0,6860.0,501.0,168.38,8926.0
0.00801,6.0,6860.0,501.0,190.76,8926.0
0.00801,6.0,6860.0,498.0,204.9,8926.0
0.00801,6.0,6860.0,501.0,234.16,8926.0
0.00803,6.0,6860.0,990.0,74.97,8926.0
0.00803,6.0,6860.0,990.0,92.17,8926.0
0.00803,6.0,6860.0,990.0,115.00000000000001,8926.0
0.00803,6.0,6860.0,990.0,125.18,8926.0
0.00803,6.0,6860.0,990.0,147.26,8926.0
0.00803,6.0,6860.0,990.0,191.67,8926.0
0.00803,6.0,6860.0,990.0,208.9,8926.0
0.00803,6.0,6770.0,990.0,226.06,8926.0
0.0078,6.0,6860.0,995.0,125.18,8926.0
0.0078,6.0,6860.0,1001.0,134.13,8926.0
0.0078,6.0,6860.0,1001.0,144.22,8926.0
0.0078,6.0,6860.0,1001.0,155.19,8926.0
0.0078,6.0,6860.0,1001.0,171.38,8926.0
0.0078,6.0,6860.0,1001.0,194.6,8926.0
0.0078,6.0,6860.0,1001.0,204.9,8926.0
0.0078,6.0,6860.0,1001.0,225.98999999999998,8926.0
0.0078,6.0,6860.0,995.0,243.26,8926.0
0.00778,6.0,6960.0,1053.0,90.04999999999998,8926.0
0.00778,6.0,7060.000000000001,1035.0,106.03000000000002,8926.0
0.00778,6.0,7060.000000000001,1047.0,116.0,8926.0
0.00778,6.0,7060.000000000001,1047.0,135.12,8926.0
0.00778,6.0,7060.000000000001,1047.0,157.33,8926.0
0.00778,6.0,7260.000000000001,1070.0,193.55,8926.0
0.00778,6.0,7060.000000000001,1059.0,218.87,8926.0
0.00778,6.0,6860.0,1024.0,237.14,8926.0
0.00778,6.0,6860.0,1027.0,245.15,8926.0
0.00778,6.0,6860.0,1044.0,255.28,8926.0
0.00778,6.0,6860.0,1015.0,266.17,8926.0
0.00803,6.0,6860.0,1998.0,84.06,8926.0
0.00803,6.0,6860.0,2004.0,97.18,8926.0
0.00803,6.0,6860.0,1998.0,123.05,8926.0
0.00803,6.0,6860.0,1998.0,136.25,8926.0
0.00803,6.0,6770.0,2004.0,148.28,8926.0
0.00803,6.0,6860.0,2004.0,166.31,8926.0
0.00803,6.0,6860.0,1998.0,181.45,8926.0
0.00803,6.0,6770.0,1998.0,250.2,8926.0
0.0078,6.0,6860.0,1995.0,124.0,8926.0
0.0078,6.0,6860.0,2001.0,133.19,8926.0
0.0078,6.0,6860.0,2001.0,144.22,8926.0
0.0078,6.0,6860.0,2001.0,153.32,8926.0
0.0078,6.0,6860.0,1995.0,164.23,8926.0
0.0078,6.0,6860.0,2001.0,174.36,8926.0
0.0078,6.0,6860.0,2001.0,184.64,8926.0
0.0078,6.0,6860.0,1995.0,194.6,8926.0
0.0078,6.0,6860.0,1995.0,204.9,8926.0
0.0078,6.0,6860.0,1995.0,215.96,8926.0
0.0078,6.0,6860.0,2001.0,233.09,8926.0
0.0078,6.0,6860.0,2001.0,245.15,8926.0
0.00778,6.0,6960.0,2010.0,67.09,8926.0
0.00778,6.0,7060.000000000001,1992.0,79.08,8926.0
0.00778,6.0,7060.000000000001,2010.0,89.11,8926.0
0.00778,6.0,7060.000000000001,1998.0,104.13,8926.0
0.00778,6.0,7160.0,1998.0,115.06,8926.0
0.00778,6.0,6960.0,2006.0,131.1,8926.0
0.00778,6.0,7060.000000000001,1990.0,164.28,8926.0
0.00778,6.0,7060.000000000001,2010.0,179.45,8926.0
0.00778,6.0,7060.000000000001,1998.0,198.7,8926.0
0.00778,6.0,6960.0,1987.0,207.83,8926.0
0.00778,6.0,6960.0,1992.0,219.94,8926.0
0.00778,6.0,6960.0,1966.0,248.1,8926.0
0.00778,6.0,6960.0,1990.0,269.18,8926.0
0.00778,6.0,6860.0,1966.0,270.31,8926.0
0.00803,6.0,6860.0,3993.0,265.17,8926.0
0.00803,6.0,6860.0,3993.0,274.21,8926.0
0.00778,6.0,7160.0,3979.0,66.87,8926.0
0.00778,6.0,7160.0,3953.0,77.89,8926.0
0.00778,6.0,7160.0,3990.0,87.93,8926.0
0.00778,6.0,7160.0,4017.0,116.00999999999999,8926.0
0.00778,6.0,7160.0,4034.0,137.95,8926.0
0.00778,6.0,7160.0,3982.0,148.02,8926.0
0.00778,6.0,7160.0,3944.0,240.19,8926.0
0.00778,6.0,7260.000000000001,3973.0,257.23,8926.0
0.00801,6.0,9810.0,501.0,81.92,8926.0
0.00801,6.0,9810.0,501.0,97.94000000000001,8926.0
0.00801,6.0,9810.0,498.0,141.06,8926.0
0.00801,6.0,9810.0,501.0,155.33,8926.0
0.00801,6.0,9810.0,498.0,174.55,8926.0
0.00801,6.0,9810.0,501.0,204.06,8926.0
0.00801,6.0,9810.0,501.0,219.14,8926.0
0.00801,6.0,9810.0,501.0,249.59,8926.0
0.00801,6.0,9810.0,501.0,263.76,8926.0
0.00801,6.0,9810.0,501.0,279.94,8926.0
0.00801,6.0,9810.0,1002.0,61.78,8926.0
0.00801,6.0,9810.0,1002.0,76.90000000000002,8926.0
0.00801,6.0,9810.0,1002.0,87.91,8926.0
0.00803,6.0,9810.0,999.0,177.53,8926.0
0.00803,6.0,9810.0,999.0,192.81,8926.0
0.00803,6.0,9810.0,999.0,255.81,8926.0
0.0078,6.0,9810.0,1006.0,133.06,8926.0
0.0078,6.0,9810.0,1001.0,142.0,8926.0
0.0078,6.0,9810.0,1001.0,194.83999999999997,8926.0
0.0078,6.0,9810.0,1001.0,204.06,8926.0
0.0078,6.0,9810.0,1001.0,225.26,8926.0
0.0078,6.0,9810.0,1001.0,255.81,8926.0
0.00778,6.0,10000.0,1003.0,67.8,8926.0
0.00778,6.0,10000.0,1030.0,99.87,8926.0
0.00778,6.0,10000.0,1032.0,113.91,8926.0
0.007709999999999999,6.0,10000.0,1026.0,127.89,8926.0
0.007709999999999999,6.0,10000.0,1032.0,138.97,8926.0
0.007709999999999999,6.0,10000.0,1026.0,154.19,8926.0
0.00778,6.0,9900.0,1033.0,206.04,8926.0
0.00778,6.0,9900.0,1033.0,216.25,8926.0
0.00778,6.0,9810.0,1033.0,244.55,8926.0
0.00778,6.0,9900.0,1024.0,257.64,8926.0
0.00778,6.0,10000.0,1006.0,273.78,8926.0
0.00778,6.0,9810.0,1012.0,294.88,8926.0
0.00803,6.0,9810.0,1999.0,79.77,8926.0
0.00803,6.0,9810.0,1999.0,93.88,8926.0
0.00803,6.0,9900.0,1999.0,133.02,8926.0
0.00803,6.0,9810.0,1999.0,148.09,8926.0
0.00803,6.0,9810.0,1999.0,162.3,8926.0
0.00803,6.0,9810.0,1997.0,204.06,8926.0
0.00803,6.0,9810.0,1999.0,219.14,8926.0
0.00803,6.0,9810.0,1997.0,252.71,8926.0
0.00803,6.0,9810.0,1997.0,275.88,8926.0
0.00803,6.0,9810.0,1999.0,294.88,8926.0
0.0078,6.0,9810.0,2001.0,133.06,8926.0
0.0078,6.0,9810.0,1995.0,144.11,8926.0
0.0078,6.0,9810.0,1995.0,172.48,8926.0
0.0078,6.0,9810.0,1995.0,183.71000000000004,8926.0
0.0078,6.0,9810.0,1995.0,192.81,8926.0
0.0078,6.0,9810.0,1995.0,214.07,8926.0
0.0078,6.0,9810.0,2028.0,224.39,8926.0
0.0078,6.0,9810.0,1995.0,234.56,8926.0
0.0078,6.0,9810.0,2005.0,244.55,8926.0
0.0078,6.0,9810.0,1995.0,252.71,8926.0
0.0078,6.0,9810.0,2018.0,264.77,8926.0
0.0078,6.0,9810.0,2025.0,272.94,8926.0
0.0078,6.0,9810.0,2006.0,283.0,8926.0
0.007789999999999999,6.0,9900.0,2007.0,70.86,8926.0
0.007709999999999999,6.0,10000.0,1979.0,88.88,8926.0
0.00778,6.0,9900.0,1990.0,124.99,8926.0
0.007789999999999999,6.0,10100.0,1949.0,161.23,8926.0
0.007709999999999999,6.0,10200.0,2078.0,189.56,8926.0
0.007709999999999999,6.0,10000.0,2090.0,198.71000000000004,8926.0
0.007789999999999999,6.0,9810.0,1937.0,232.41,8926.0
0.007709999999999999,6.0,10100.0,2011.0,248.66000000000003,8926.0
0.007709999999999999,6.0,10100.0,2023.0,258.59,8926.0
0.007709999999999999,6.0,9900.0,2011.0,268.77,8926.0
0.00778,6.0,9900.0,1960.0,287.9,8926.0
0.00803,6.0,9810.0,3993.0,256.63,8926.0
0.0078,6.0,9810.0,3991.0,217.16,8926.0
0.0078,6.0,9810.0,4002.0,240.53,8926.0
0.0078,6.0,9810.0,4008.0,264.77,8926.0
0.0078,6.0,9810.0,3991.0,275.88,8926.0
0.0078,6.0,9810.0,3985.0,284.9,8926.0
0.00778,6.0,9900.0,4008.0,68.71,8926.0
0.007789999999999999,6.0,10000.0,3967.0,84.82,8926.0
0.007709999999999999,6.0,10200.0,4060.0,115.68000000000002,8926.0
0.007709999999999999,6.0,10200.0,3982.0,148.0,8926.0
0.007709999999999999,6.0,10300.0,4060.0,178.42,8926.0
0.00778,6.0,10200.0,4014.0,198.83,8926.0
0.00778,6.0,10000.0,4031.0,225.29999999999998,8926.0
0.00778,6.0,10200.0,4031.0,245.56999999999996,8926.0
0.007709999999999999,6.0,10200.0,4025.0,273.72,8926.0
0.00801,6.0,13730.0,501.0,68.34,8926.0
0.00801,6.0,13730.0,501.0,102.61,8926.0
0.00801,6.0,13730.0,501.0,117.62,8926.0
0.00801,6.0,13730.0,501.0,147.86,8926.0
0.00801,6.0,13730.0,501.0,163.28,8926.0
0.00801,6.0,13730.0,501.0,193.87,8926.0
0.00801,6.0,13730.0,501.0,239.65999999999997,8926.0
0.00801,6.0,13730.0,501.0,255.1,8926.0
0.00801,6.0,13730.0,501.0,270.46,8926.0
0.00801,6.0,13730.0,501.0,290.74,8926.0
0.00801,6.0,13730.0,501.0,304.99,8926.0
0.00803,6.0,13730.0,999.0,92.57,8926.0
0.00803,6.0,13730.0,999.0,103.56,8926.0
0.00803,6.0,13730.0,1002.0,130.9,8926.0
0.00803,6.0,13730.0,1002.0,140.81,8926.0
0.00803,6.0,13730.0,1002.0,166.3,8926.0
0.00803,6.0,13730.0,1002.0,182.46,8926.0
0.00803,6.0,13730.0,1002.0,285.6,8926.0
0.00803,6.0,13730.0,1002.0,300.88,8926.0
0.0078,6.0,13730.0,1001.0,163.28,8926.0
0.0078,6.0,13730.0,1001.0,194.78,8926.0
0.0078,6.0,13730.0,1001.0,204.04000000000002,8926.0
0.0078,6.0,13730.0,1001.0,215.21,8926.0
0.0078,6.0,13730.0,1001.0,225.35,8926.0
0.0078,6.0,13730.0,1001.0,234.71,8926.0
0.0078,6.0,13730.0,1001.0,247.96,8926.0
0.0078,6.0,13730.0,1001.0,265.19,8926.0
0.0078,6.0,13730.0,1001.0,287.7,8926.0
0.0078,6.0,13730.0,1006.0,275.45,8926.0
0.00778,6.0,13630.0,1006.0,71.5,8926.0
0.007709999999999999,6.0,14020.0,1014.0,90.45,8926.0
0.007709999999999999,6.0,13829.999999999998,1014.0,108.53999999999999,8926.0
0.007709999999999999,6.0,13930.0,1020.0,118.74,8926.0
0.007709999999999999,6.0,14020.0,1009.0,132.84,8926.0
0.007709999999999999,6.0,13930.0,1014.0,148.03,8926.0
0.007709999999999999,6.0,13930.0,1014.0,198.8,8926.0
0.00778,6.0,13829.999999999998,1035.0,222.48,8926.0
0.00778,6.0,13829.999999999998,1035.0,262.32,8926.0
0.00778,6.0,13829.999999999998,1030.0,285.6,8926.0
0.00803,6.0,13730.0,1999.0,47.160000000000004,8926.0
0.00803,6.0,13730.0,1999.0,102.61,8926.0
0.00803,6.0,13730.0,1999.0,132.79,8926.0
0.00803,6.0,13630.0,1999.0,153.05,8926.0
0.00803,6.0,13630.0,1998.0,191.85,8926.0
0.00803,6.0,13530.0,1999.0,214.14,8926.0
0.00803,6.0,13530.0,1999.0,234.74,8926.0
0.00803,6.0,13530.0,1999.0,285.6,8926.0
0.00803,6.0,13630.0,1999.0,306.91,8926.0
0.0078,6.0,13730.0,2007.0,164.20999999999998,8926.0
0.0078,6.0,13730.0,2001.0,172.33,8926.0
0.0078,6.0,13730.0,2001.0,181.54,8926.0
0.0078,6.0,13730.0,1995.0,192.73,8926.0
0.0078,6.0,13730.0,2007.0,204.93,8926.0
0.0078,6.0,13730.0,2007.0,223.38,8926.0
0.0078,6.0,13730.0,2007.0,236.65,8926.0
0.0078,6.0,13730.0,2007.0,254.05,8926.0
0.0078,6.0,13730.0,2007.0,275.45,8926.0
0.0078,6.0,13730.0,2007.0,283.67,8926.0
0.0078,6.0,13730.0,2007.0,294.85,8926.0
0.0078,6.0,13730.0,2013.0,306.04,8926.0
0.0078,6.0,13730.0,1990.0,311.06,8926.0
0.00778,6.0,13829.999999999998,1978.0,66.38,8926.0
0.00778,6.0,13730.0,1990.0,87.54,8926.0
0.00778,6.0,13829.999999999998,2001.0,115.68000000000002,8926.0
0.00778,6.0,13829.999999999998,1984.0,126.84000000000002,8926.0
0.00778,6.0,13829.999999999998,1995.0,145.01,8926.0
0.00778,6.0,13930.0,1978.0,183.55,8926.0
0.007709999999999999,6.0,13930.0,2017.0,206.01,8926.0
0.007709999999999999,6.0,14020.0,1996.0,229.57,8926.0
0.007709999999999999,6.0,13930.0,2005.0,244.96,8926.0
0.007709999999999999,6.0,13630.0,2029.0,280.57,8926.0
0.007709999999999999,6.0,13930.0,2077.0,299.99,8926.0
0.00778,6.0,13930.0,1978.0,317.91,8926.0
0.00803,6.0,13730.0,3993.0,253.01,8926.0
0.00803,6.0,13730.0,3993.0,258.21,8926.0
0.0078,6.0,13730.0,4008.0,197.95,8926.0
0.0078,6.0,13730.0,4020.0,206.05999999999997,8926.0
0.0078,6.0,13730.0,4026.0,215.21,8926.0
0.0078,6.0,13730.0,4014.0,227.54,8926.0
0.0078,6.0,13730.0,4008.0,264.17,8926.0
0.0078,6.0,13730.0,4008.0,272.46,8926.0
0.0078,6.0,13730.0,4014.0,304.99,8926.0
0.0078,6.0,13730.0,4006.0,313.92,8926.0
0.00778,6.0,13829.999999999998,4020.0,66.38,8926.0
0.00778,6.0,14020.0,3996.0,77.51,8926.0
0.00778,6.0,13930.0,3985.0,107.55,8926.0
0.00778,6.0,14120.000000000002,4072.0,186.61,8926.0
0.00778,6.0,13630.0,4049.0,208.1,8926.0
0.00778,6.0,13829.999999999998,4031.0,228.61,8926.0
0.00778,6.0,13730.0,3927.0,266.21,8926.0
0.00778,6.0,13829.999999999998,4020.0,280.56,8926.0
0.00778,6.0,13530.0,4008.0,299.79,8926.0
0.00778,6.0,13730.0,3973.0,317.87,8926.0
0.00801,6.0,17550.0,501.0,109.22,8926.0
0.00801,6.0,17650.0,501.0,127.35,8926.0
0.00801,6.0,17650.0,501.0,155.67,8926.0
0.00801,6.0,17650.0,501.0,174.07,8926.0
0.00801,6.0,17650.0,501.0,194.52,8926.0
0.00801,6.0,17650.0,501.0,207.88,8926.0
0.00801,6.0,17550.0,501.0,219.24,8926.0
0.00801,6.0,17550.0,501.0,241.77000000000004,8926.0
0.00801,6.0,17750.0,501.0,259.25,8926.0
0.00801,6.0,17650.0,501.0,275.8,8926.0
0.00801,6.0,17650.0,501.0,288.23,8926.0
0.00801,6.0,17650.0,501.0,299.63,8926.0
0.00801,6.0,17650.0,501.0,314.02,8926.0
0.00803,6.0,18040.0,1002.0,49.50999999999999,8926.0
0.00803,6.0,17950.0,998.0,110.12,8926.0
0.00803,6.0,17950.0,998.0,146.42,8926.0
0.00803,6.0,17950.0,998.0,162.83000000000004,8926.0
0.00803,6.0,18040.0,1002.0,180.2,8926.0
0.00803,6.0,18040.0,1002.0,211.82999999999998,8926.0
0.00803,6.0,17950.0,1002.0,239.61,8926.0
0.00803,6.0,17950.0,1002.0,259.37,8926.0
0.00803,6.0,17950.0,998.0,274.77,8926.0
0.00803,6.0,17950.0,998.0,300.75,8926.0
0.00778,6.0,17360.0,1059.0,80.99,8926.0
0.00778,6.0,17650.0,1076.0,98.97,8926.0
0.00778,6.0,17460.0,1076.0,132.36,8926.0
0.00778,6.0,17650.0,1076.0,150.5,8926.0
0.00778,6.0,17850.0,1131.0,195.53,8926.0
0.00778,6.0,17550.0,1088.0,215.01,8926.0
0.00778,6.0,17850.0,1024.0,236.51,8926.0
0.00778,6.0,17850.0,1006.0,256.17,8926.0
0.00778,6.0,17850.0,1012.0,275.71,8926.0
0.00778,6.0,17850.0,1012.0,289.32,8926.0
0.00778,6.0,17750.0,1012.0,321.2200000000001,8926.0
0.00803,6.0,17650.0,1999.0,78.82,8926.0
0.00803,6.0,17650.0,1999.0,92.02,8926.0
0.00803,6.0,17650.0,1999.0,157.77,8926.0
0.00803,6.0,17650.0,1999.0,172.91,8926.0
0.00803,6.0,17650.0,1999.0,262.32,8926.0
0.00803,6.0,17650.0,1999.0,281.97,8926.0
0.00778,6.0,17750.0,1984.0,64.65,8926.0
0.00778,6.0,17550.0,1972.0,85.03,8926.0
0.00778,6.0,17550.0,1990.0,97.02,8926.0
0.00778,6.0,17650.0,2001.0,119.27,8926.0
0.00778,6.0,17850.0,1995.0,147.54,8926.0
0.00778,6.0,17950.0,2019.0,167.73000000000002,8926.0
0.00778,6.0,17650.0,2001.0,186.29,8926.0
0.00778,6.0,17550.0,2001.0,208.97,8926.0
0.00778,6.0,17850.0,2013.0,232.6,8926.0
0.00778,6.0,17550.0,1995.0,315.0,8926.0
0.00778,6.0,17750.0,3921.0,110.00999999999999,8926.0
0.00778,6.0,17750.0,3920.0,120.26,8926.0
0.00778,6.0,17460.0,3892.0,137.33,8926.0
0.00778,6.0,17850.0,3912.0,158.57,8926.0
0.00778,6.0,17650.0,3898.0,200.66,8926.0
0.00778,6.0,17850.0,3957.0,231.50000000000003,8926.0
0.00778,6.0,17750.0,3915.0,249.99000000000004,8926.0
0.00778,6.0,17750.0,4016.0,277.85,8926.0
0.00778,6.0,17750.0,3939.0,289.26,8926.0
0.00778,6.0,17750.0,3965.0,314.09,8926.0
0.00778,6.0,17850.0,3916.0,340.04,8926.0
0.00801,6.0,9810.0,1002.0,102.94,8926.0
0.008,1.0,17650.0,502.0,219.06,8926.0
0.00778,6.0,13630.0,1047.0,243.73,8926.0
0.00801,1.0,6860.0,1000.0,217.93,8926.0
0.0078,6.0,9810.0,1001.0,235.41,8926.0
0.00799,3.0,13730.0,2008.0,265.19,8926.0
0.00803,6.0,9810.0,1002.0,129.99,8926.0
0.00801,3.0,9810.0,2001.0,101.03999999999999,8926.0
0.00801,3.0,13730.0,501.0,310.03,8926.0
0.00803,6.0,13730.0,1002.0,224.47,8926.0
0.00803,3.0,17550.0,1998.0,162.88,8926.0
0.00801,1.0,17650.0,2000.0,193.38,8926.0
0.00801,1.002,13730.0,501.0,102.61,8926.0
0.00796,3.0,6860.0,2000.0,259.15,8926.0
0.00801,3.0,6860.0,1000.0,139.07,8926.0
0.00801,3.0,13730.0,1000.0,147.86,8926.0
0.008,1.0,17650.0,2000.0,193.38,8926.0
0.00781,3.0,17650.0,2007.0,341.87,8926.0
0.00801,3.0,9810.0,2001.0,289.94,8926.0
0.00803,3.0,13730.0,1997.0,75.55,8926.0
0.00796,3.0,6860.0,4000.0,144.22,8926.0
0.007749999999999999,1.008,9810.0,1000.0,216.28,8926.0
0.008,3.0,9810.0,996.0,254.78,8926.0
0.00796,3.0,9810.0,2000.0,204.06,8926.0
0.00803,6.0,6860.0,990.0,244.09999999999997,8926.0
0.00801,3.0,13730.0,500.0,237.73,8926.0
0.00801,1.0,13730.0,4000.0,268.24,8926.0
0.007709999999999999,6.0,13829.999999999998,1014.0,187.69000000000003,8926.0
0.00801,1.002,13630.0,998.0,230.61000000000004,8926.0
0.00803,3.0,6860.0,997.0,196.62,8926.0
0.00781,3.0,6960.0,1085.0,234.19,8926.0
0.008,1.0,6860.0,980.0,159.37,8926.0
0.008,0.99,6860.0,1012.0,97.18,8926.0
0.00801,3.0,6860.0,1000.0,199.77,8926.0
0.00801,3.0,9810.0,1000.0,101.98999999999998,8926.0
0.00801,3.0,9710.0,501.0,70.83,8926.0
0.008,3.0,6860.0,2000.0,231.16,8926.0
0.008,1.0,9810.0,980.0,251.67,8926.0
0.00803,6.0,18040.0,1002.0,221.19,8926.0
0.00799,1.0,6860.0,2002.0,164.23,8926.0
0.008,1.0,6860.0,980.0,229.01,8926.0
0.00785,3.0,9900.0,1046.0,265.76,8926.0
0.008,1.0,13730.0,501.0,117.62,8926.0
0.00801,1.002,6860.0,501.0,184.64,8926.0
0.00778,6.0,6960.0,1056.0,77.15,8926.0
0.00803,6.0,6860.0,990.0,271.29,8926.0
0.00801,3.0,17650.0,2000.0,337.07,8926.0
0.007749999999999999,1.008,13730.0,1000.0,124.74,8926.0
0.00778,6.0,17750.0,1088.0,167.85,8926.0
0.00803,3.0,13730.0,1997.0,215.21,8926.0
0.00803,3.0,17650.0,1013.0,338.06000000000006,8926.0
0.007749999999999999,1.008,9810.0,4000.0,270.96,8926.0
0.00782,3.0,9810.0,4000.0,259.7,8926.0
0.00781,3.0,9810.0,3962.0,234.56,8926.0
0.00799,3.0,13730.0,2008.0,296.88,8926.0
0.007709999999999999,6.0,10300.0,2072.0,148.05,8926.0
0.00801,1.0,17650.0,1000.0,165.93999999999997,8926.0
0.008,0.99,17650.0,1007.0,298.51,8926.0
0.00778,6.0,13829.999999999998,2007.0,166.27,8926.0
0.00801,3.0,13730.0,998.0,135.86,8926.0
0.00799,1.0,13730.0,1012.0,287.7,8926.0
0.008,1.0,6860.0,1998.0,230.09,8926.0
0.00801,1.0,6860.0,1000.0,90.98,8926.0
0.00801,3.0,9810.0,1000.0,83.84,8926.0
0.008,0.99,13730.0,3994.0,181.54,8926.0
0.007749999999999999,1.008,10000.0,4000.0,254.62,8926.0
0.00781,3.0,6860.0,1096.0,114.06,8926.0
0.007749999999999999,1.008,13730.0,1000.0,88.5,8926.0
0.007749999999999999,1.008,9810.0,2000.0,254.78,8926.0
0.00801,3.0,9810.0,501.0,228.30000000000004,8926.0
0.008,1.0,17650.0,2007.0,335.2,8926.0
0.00801,1.002,6860.0,501.0,199.77,8926.0
0.0078,6.0,9810.0,3991.0,224.39,8926.0
0.00799,1.0,13730.0,2008.0,163.28,8926.0
0.008,3.0,17650.0,995.0,315.06,8926.0
0.008,0.99,13730.0,2008.0,231.68,8926.0
0.008,3.0,9810.0,1000.0,286.97,8926.0
0.00801,1.0,13730.0,2000.0,232.54,8926.0
0.00801,3.0,17650.0,501.0,286.09,8926.0
0.00799,1.0,13730.0,1012.0,244.78,8926.0
0.00801,3.0,13730.0,1009.0,106.66,8926.0
0.00801,1.0,6860.0,500.0,104.08,8926.0
0.00801,3.0,9810.0,2000.0,174.55,8926.0
0.008,1.0,9810.0,1941.0,199.8,8926.0
0.00801,1.0,13730.0,1000.0,76.51000000000002,8926.0
0.00803,3.0,6860.0,1005.0,68.98,8926.0
0.00785,1.0,9810.0,1032.0,136.12,8926.0
0.00801,1.0,13730.0,4000.0,168.15999999999997,8926.0
0.00803,6.0,13730.0,1002.0,196.82,8926.0
0.00782,3.0,9900.0,2000.0,63.67,8926.0
0.00796,1.0,9810.0,4000.0,78.81,8926.0
0.00801,1.002,13630.0,992.0,122.64,8926.0
0.00801,3.0,13730.0,2000.0,49.330000000000005,8926.0
0.00801,3.0,9810.0,4000.0,214.07,8926.0
0.00799,3.0,13730.0,1001.0,173.25,8926.0
0.00781,3.0,17460.0,4032.0,326.12000000000006,8926.0
0.00803,6.0,13730.0,1999.0,117.62,8926.0
0.00799,3.0,13730.0,990.0,214.32,8926.0
0.00803,6.0,13730.0,1999.0,58.24,8926.0
0.00778,6.0,7160.0,3979.0,95.09,8926.0
0.008,1.0,13730.0,980.0,163.28,8926.0
0.0078,6.0,9810.0,1001.0,264.77,8926.0
0.00801,6.0,9810.0,501.0,234.56,8926.0
0.00796,3.0,17650.0,4000.0,135.41,8926.0
0.008,1.0,9810.0,980.0,220.23,8926.0
0.008,3.0,13730.0,2060.0,273.46,8926.0
0.00781,3.0,9610.0,3933.0,137.15,8926.0
0.00803,6.0,9810.0,1002.0,211.19,8926.0
0.00801,1.0,13730.0,500.0,72.42,8926.0
0.00801,3.0,17650.0,1000.0,254.17,8926.0
0.00801,3.0,9810.0,2001.0,244.55,8926.0
0.007749999999999999,1.008,6960.0,2000.0,86.95,8926.0
0.00801,1.0,9810.0,500.0,132.11,8926.0
0.00801,3.0,13730.0,500.0,222.28,8926.0
0.00801,3.0,17650.0,1000.0,309.99,8926.0
0.008,0.99,6860.0,2019.0,220.99,8926.0
0.0078,6.0,6860.0,1995.0,253.23,8926.0
0.00801,3.0,17650.0,1000.0,328.24,8926.0
0.00801,1.0,17650.0,1000.0,140.38,8926.0
0.008,0.99,17650.0,4005.0,273.78,8926.0
0.00801,1.0,13730.0,4000.0,217.2,8926.0
0.008,0.99,6860.0,2014.0,74.97,8926.0
0.00801,3.0,9810.0,500.0,198.9,8926.0
0.00803,6.0,6860.0,990.0,174.36,8926.0
0.00801,1.0,6860.0,2000.0,163.3,8926.0
0.008,0.99,6860.0,1007.0,184.64,8926.0
0.00803,6.0,13730.0,1002.0,78.43000000000002,8926.0
0.00801,1.0,17650.0,4000.0,305.87,8926.0
0.008,3.0,17550.0,2005.0,249.04,8926.0
0.008,1.0,6860.0,2007.0,166.31,8926.0
0.008,3.0,9810.0,500.0,190.77,8926.0
0.00801,3.0,6860.0,494.0,243.26,8926.0
0.00801,3.0,13730.0,1000.0,302.86,8926.0
0.00778,6.0,9900.0,1033.0,234.32,8926.0
0.00778,6.0,13829.999999999998,1012.0,307.97,8926.0
0.00801,3.0,9810.0,500.0,225.26,8926.0
0.008,1.0,17650.0,2000.0,168.97000000000003,8926.0
0.00801,1.0,17650.0,4000.0,192.47,8926.0
0.008,0.99,6860.0,1007.0,121.16,8926.0
0.00801,3.0,17650.0,1000.0,119.27,8926.0
0.00785,1.0,9810.0,1975.0,275.88,8926.0
0.008,1.0,6860.0,1001.0,119.03,8926.0
0.00801,3.0,13730.0,4008.0,265.19,8926.0
0.00803,6.0,17650.0,1999.0,234.67000000000002,8926.0
0.00803,3.0,13630.0,1997.0,131.87,8926.0
0.00803,3.0,17550.0,1993.0,74.93,8926.0
0.00803,6.0,17650.0,1999.0,188.36,8926.0
0.0078,6.0,9810.0,3979.0,256.63,8926.0
0.00796,1.0,9810.0,2000.0,284.9,8926.0
0.008,1.0,6860.0,2007.0,269.13,8926.0
0.00781,3.0,9710.0,3951.0,192.73,8926.0
0.008,3.0,6860.0,500.0,220.99,8926.0
0.00778,6.0,14120.000000000002,4154.0,147.88,8926.0
0.00781,3.0,13530.0,2030.0,214.14,8926.0
0.00801,1.0,6860.0,4000.0,209.79,8926.0
0.00778,6.0,13829.999999999998,3956.0,97.56,8926.0
0.00781,3.0,13730.0,1033.0,198.85000000000002,8926.0
0.008,3.0,6860.0,988.0,227.07,8926.0
0.00801,3.0,17650.0,1000.0,107.10999999999999,8926.0
0.00796,1.0,13730.0,2000.0,100.7,8926.0
0.007749999999999999,1.008,13730.0,1000.0,161.19,8926.0
0.00799,1.0,13730.0,2008.0,183.6,8926.0
0.00801,1.0,17650.0,2000.0,213.94,8926.0
0.008,0.99,9810.0,1991.0,148.09,8926.0
0.00785,1.0,10000.0,1981.0,256.68,8926.0
0.00801,1.0,6860.0,4000.0,268.15,8926.0
0.00801,1.002,17550.0,501.0,229.38999999999996,8926.0
0.00782,3.0,9710.0,1000.0,194.77,8926.0
0.007749999999999999,1.008,17650.0,1000.0,134.23,8926.0
0.00803,3.0,7060.000000000001,2001.0,255.14999999999998,8926.0
0.00801,3.0,13730.0,1003.0,121.65999999999998,8926.0
0.00785,1.0,13730.0,1037.0,159.09,8926.0
0.00803,6.0,13730.0,999.0,238.80000000000004,8926.0
0.00782,3.0,9900.0,2000.0,153.2,8926.0
0.007749999999999999,1.008,13730.0,1000.0,190.68,8926.0
0.00785,1.0,9810.0,1037.0,158.36000000000004,8926.0
0.00801,1.0,6860.0,2000.0,119.03,8926.0
0.008,0.99,6860.0,2014.0,185.55,8926.0
0.00801,3.0,17650.0,4000.0,298.51,8926.0
0.008,0.99,6860.0,1007.0,133.19,8926.0
0.00801,1.0,9810.0,1000.0,118.87,8926.0
0.00785,3.0,17460.0,3861.0,278.98,8926.0
0.008,0.99,13730.0,2008.0,261.1,8926.0
0.00778,6.0,14120.000000000002,4031.0,246.96000000000004,8926.0
0.00801,1.0,6860.0,1000.0,225.12,8926.0
0.007749999999999999,1.008,6860.0,2000.0,240.1,8926.0
0.008,1.0,9810.0,2029.0,152.3,8926.0
0.007709999999999999,6.0,13930.0,1982.0,256.11,8926.0
0.00801,3.0,13730.0,1000.0,184.52000000000004,8926.0
0.008,0.99,17650.0,2008.0,108.06,8926.0
0.00801,1.0,13730.0,2000.0,121.65999999999998,8926.0
0.00799,1.0,13730.0,1001.0,168.15999999999997,8926.0
0.00801,3.0,9810.0,2000.0,83.84,8926.0
0.00801,6.0,9810.0,501.0,188.72,8926.0
0.008,1.0,9810.0,1968.0,175.47,8926.0
0.00801,1.0,17650.0,500.0,176.16,8926.0
0.00781,3.0,17750.0,1984.0,157.58,8926.0
0.00799,3.0,9810.0,3999.0,263.76,8926.0
0.00801,3.0,6860.0,500.0,214.86000000000004,8926.0
0.008,1.0,6860.0,520.0,122.11000000000001,8926.0
0.007749999999999999,1.008,17650.0,1000.0,101.13,8926.0
0.00799,1.0,6860.0,2002.0,184.64,8926.0
0.00801,3.0,9810.0,500.0,219.14,8926.0
0.008,0.99,17650.0,1007.0,252.06,8926.0
0.00796,1.0,17650.0,4000.0,218.16999999999996,8926.0
0.00801,1.0,13730.0,2000.0,85.62,8926.0
0.007749999999999999,1.008,6960.0,2000.0,219.94,8926.0
0.0078,6.0,9810.0,1001.0,155.33,8926.0
0.008,1.0,17650.0,500.0,155.67,8926.0
0.007709999999999999,6.0,10000.0,1920.0,295.86,8926.0
0.00803,3.0,13730.0,1997.0,312.92,8926.0
0.00801,3.0,9810.0,1000.0,153.23,8926.0
0.00801,3.0,13730.0,4000.0,317.87,8926.0
0.008,3.0,6860.0,2011.0,262.17,8926.0
0.00801,3.0,9810.0,1003.0,144.11,8926.0
0.00785,1.0,9810.0,1003.0,296.86,8926.0
0.00801,3.0,17650.0,500.0,133.28,8926.0
0.00781,3.0,7060.000000000001,1056.0,272.15,8926.0
0.00801,3.0,13730.0,500.0,176.48,8926.0
0.00803,6.0,9810.0,989.0,279.94,8926.0
0.00796,1.0,17650.0,4000.0,200.66,8926.0
0.008,3.0,9810.0,500.0,279.94,8926.0
0.008,0.99,13730.0,3994.0,228.40999999999997,8926.0
0.00778,6.0,17650.0,1995.0,251.0,8926.0
0.00801,3.0,9810.0,1000.0,244.55,8926.0
0.00801,3.0,9810.0,2000.0,287.9,8926.0
0.00801,3.0,13730.0,1000.0,198.85000000000002,8926.0
0.00801,3.0,13730.0,500.0,125.69,8926.0
0.00795,3.0,9810.0,2010.0,138.0,8926.0
0.00778,6.0,17650.0,2013.0,270.54,8926.0
0.008,1.0,17650.0,1000.0,189.27,8926.0
0.00801,1.0,6860.0,2000.0,81.19,8926.0
0.00803,6.0,18040.0,1002.0,196.47,8926.0
0.00796,3.0,17650.0,4000.0,120.22000000000001,8926.0
0.00801,1.002,13730.0,501.0,274.45,8926.0
0.00801,3.0,17650.0,501.0,255.22,8926.0
0.00799,1.0,9810.0,1001.0,173.4,8926.0
0.008,3.0,17550.0,2000.0,336.13,8926.0
0.00781,3.0,6860.0,1978.0,237.14,8926.0
0.00801,1.0,9810.0,1000.0,259.7,8926.0
0.00785,1.0,13730.0,1977.0,217.2,8926.0
0.0078,6.0,6860.0,1001.0,164.23,8926.0
0.00801,3.0,13730.0,1009.0,149.97,8926.0
0.007749999999999999,1.008,13730.0,2000.0,202.91,8926.0
0.00799,1.0,9810.0,1001.0,204.06,8926.0
0.00782,3.0,10000.0,4000.0,170.43,8926.0
0.00801,3.0,13730.0,4000.0,282.7,8926.0
0.00801,3.0,17650.0,501.0,315.06,8926.0
0.00799,3.0,9810.0,2002.0,163.23000000000002,8926.0
0.00799,3.0,9810.0,1001.0,214.07,8926.0
0.00781,3.0,6670.0,1047.0,66.15,8926.0
0.00778,6.0,14020.0,3996.0,130.71,8926.0
0.00801,1.0,6860.0,1000.0,208.9,8926.0
0.00801,1.0,13730.0,500.0,272.46,8926.0
0.008,0.99,13730.0,2014.0,189.77,8926.0
0.00801,1.002,17650.0,501.0,256.27,8926.0
0.0078,6.0,9810.0,1001.0,175.47,8926.0
0.008,1.0,13730.0,501.0,183.6,8926.0
0.00796,3.0,13730.0,2000.0,329.36,8926.0
0.00803,6.0,13730.0,1999.0,87.54,8926.0
0.00781,3.0,6860.0,1984.0,271.29,8926.0
0.008,0.99,6860.0,3999.0,180.54,8926.0
0.00803,6.0,6860.0,1998.0,195.73,8926.0
0.0078,6.0,9810.0,1001.0,243.5,8926.0
0.007749999999999999,1.008,17650.0,2000.0,218.16999999999996,8926.0
0.007709999999999999,6.0,10100.0,2023.0,219.02,8926.0
0.00796,1.0,9810.0,2000.0,97.94000000000001,8926.0
0.00778,6.0,17850.0,1984.0,336.24,8926.0
0.00796,1.0,9810.0,2000.0,139.18,8926.0
0.008,3.0,9810.0,500.0,219.14,8926.0
0.008,0.99,9810.0,1007.0,275.88,8926.0
0.008,1.0,9810.0,2000.0,152.3,8926.0
0.00801,1.002,6860.0,501.0,169.31,8926.0
0.00801,1.0,17650.0,4000.0,256.27,8926.0
0.0078,6.0,6860.0,1001.0,235.22000000000003,8926.0
0.00782,3.0,17650.0,4000.0,262.32,8926.0
0.007749999999999999,1.008,6860.0,1000.0,206.90000000000003,8926.0
0.00801,3.0,13730.0,500.0,158.16,8926.0
0.00801,3.0,9810.0,2000.0,113.89000000000001,8926.0
0.008,1.0,17650.0,1000.0,180.08,8926.0
0.00778,6.0,6860.0,1047.0,95.04,8926.0
0.00801,6.0,13730.0,501.0,210.09,8926.0
0.00801,1.002,13730.0,501.0,67.38,8926.0
0.00778,6.0,6860.0,2021.0,230.09,8926.0
0.00796,3.0,9810.0,4000.0,141.06,8926.0
0.008,3.0,13730.0,989.0,175.33,8926.0
0.008,3.0,9810.0,2011.0,204.95,8926.0
0.00781,3.0,6860.0,1996.0,173.44000000000003,8926.0
0.00801,1.0,17650.0,2000.0,233.58000000000004,8926.0
0.008,1.0,6860.0,1995.0,166.31,8926.0
0.007749999999999999,1.008,6770.0,500.0,161.29999999999998,8926.0
0.00796,3.0,9810.0,4000.0,221.33,8926.0
0.007749999999999999,1.008,6860.0,500.0,179.4,8926.0
0.008,1.0,17650.0,2000.0,175.00000000000003,8926.0
0.00801,1.0,6860.0,500.0,112.16,8926.0
0.00801,1.002,13730.0,998.0,137.75,8926.0
0.008,1.0,6860.0,2013.0,149.13,8926.0
0.0078,6.0,9810.0,1001.0,163.23000000000002,8926.0
0.00799,3.0,6860.0,3988.0,255.28,8926.0
0.008,1.0,9810.0,1941.0,210.08,8926.0
0.00801,3.0,6860.0,1000.0,102.17999999999999,8926.0
0.00803,3.0,7160.0,1994.0,203.86,8926.0
0.00803,3.0,13730.0,2007.0,73.38,8926.0
0.00799,3.0,13730.0,1001.0,244.78,8926.0
0.00803,3.0,17550.0,2001.0,191.52,8926.0
0.00801,1.0,9810.0,2000.0,134.94,8926.0
0.00799,3.0,9810.0,1001.0,224.39,8926.0
0.008,1.0,9900.0,2007.0,134.91,8926.0
0.00799,3.0,9810.0,2008.0,204.06,8926.0
0.00803,6.0,13730.0,1002.0,208.07,8926.0
0.00781,3.0,17460.0,3975.0,211.04,8926.0
0.007749999999999999,1.008,6860.0,500.0,139.07,8926.0
0.00778,6.0,17650.0,1076.0,118.08,8926.0
0.00782,3.0,13730.0,2000.0,213.21,8926.0
0.00785,1.0,17550.0,1987.0,287.21,8926.0
0.00778,6.0,7160.0,3962.0,157.11,8926.0
0.00785,3.0,17650.0,1120.0,217.06,8926.0
0.008,3.0,6860.0,2000.0,186.69,8926.0
0.0078,6.0,9810.0,1001.0,184.62999999999997,8926.0
0.00781,3.0,13730.0,2025.0,65.45,8926.0
0.00785,3.0,13730.0,1981.0,270.46,8926.0
0.00796,3.0,9810.0,4000.0,277.82,8926.0
0.00799,3.0,13730.0,1001.0,183.6,8926.0
0.00796,3.0,6860.0,4000.0,182.59,8926.0
0.00799,1.0,13730.0,2008.0,214.32,8926.0
0.00785,1.0,6860.0,1982.0,97.18,8926.0
0.00803,3.0,13730.0,1997.0,196.82,8926.0
0.00801,3.0,9810.0,1009.0,279.94,8926.0
0.00801,3.0,6860.0,1000.0,114.06,8926.0
0.00801,3.0,13730.0,500.0,268.24,8926.0
0.00796,3.0,13730.0,2000.0,226.45000000000002,8926.0
0.00801,1.002,9810.0,502.0,102.94,8926.0
0.008,3.0,13730.0,996.0,294.85,8926.0
0.00801,1.0,6860.0,2000.0,189.63,8926.0
0.007709999999999999,6.0,9900.0,1050.0,185.74,8926.0
0.008,1.0,6860.0,1995.0,250.14,8926.0
0.00799,3.0,9810.0,2008.0,143.17,8926.0
0.00801,3.0,17650.0,4000.0,333.13,8926.0
0.00801,1.0,17650.0,1000.0,256.27,8926.0
0.00799,1.0,9810.0,1001.0,163.23000000000002,8926.0
0.00801,1.0,6860.0,500.0,92.17,8926.0
0.00799,3.0,6860.0,1007.0,194.6,8926.0
0.00801,1.002,9810.0,502.0,183.71000000000004,8926.0
0.00801,1.0,6860.0,2000.0,210.89,8926.0
0.00796,1.0,17650.0,2000.0,311.93,8926.0
0.007749999999999999,1.008,17850.0,2000.0,192.34,8926.0
0.00801,3.0,13730.0,4000.0,229.5,8926.0
0.00801,3.0,17650.0,500.0,279.0,8926.0
0.00781,3.0,17460.0,986.0,307.81,8926.0
0.00801,3.0,17650.0,4000.0,304.78,8926.0
0.00801,3.0,6860.0,1000.0,272.27,8926.0
0.00796,3.0,17650.0,2000.0,324.26,8926.0
0.008,0.99,6860.0,2014.0,119.03,8926.0
0.007749999999999999,1.008,6860.0,1000.0,187.59,8926.0
0.00799,1.0,9810.0,1997.0,133.06,8926.0
0.00801,3.0,17650.0,2000.0,244.81999999999996,8926.0
0.00781,3.0,6770.0,1059.0,94.17,8926.0
0.00801,3.0,17650.0,496.0,205.85999999999999,8926.0
0.008,1.0,13730.0,980.0,276.44,8926.0
0.00799,3.0,6860.0,2008.0,217.93,8926.0
0.00799,1.0,9810.0,2002.0,153.23,8926.0
0.00803,3.0,7160.0,2001.0,242.09,8926.0
0.007749999999999999,1.008,6860.0,1000.0,256.3,8926.0
0.00799,1.0,6860.0,2002.0,135.07,8926.0
0.008,3.0,13730.0,2050.0,319.8,8926.0
0.00799,3.0,9810.0,996.0,264.77,8926.0
0.00781,3.0,17650.0,1010.0,143.44,8926.0
0.00803,3.0,7060.000000000001,1994.0,214.92,8926.0
0.0078,6.0,9810.0,1995.0,202.94,8926.0
0.00801,6.0,13730.0,501.0,224.47,8926.0
0.00796,1.0,9810.0,4000.0,222.21,8926.0
0.00778,6.0,7260.000000000001,1082.0,176.26,8926.0
0.00781,3.0,6960.0,1073.0,170.49,8926.0
0.00801,1.002,13630.0,998.0,288.66,8926.0
0.008,1.0,6860.0,500.0,200.88,8926.0
0.00801,3.0,13730.0,2000.0,83.46000000000001,8926.0
0.00785,1.0,9810.0,3951.0,241.6,8926.0
0.008,3.0,13630.0,2005.0,184.55,8926.0
0.00803,3.0,6770.0,997.0,159.21999999999997,8926.0
0.00796,1.0,6860.0,1000.0,247.23,8926.0
0.00801,3.0,9810.0,2000.0,102.94,8926.0
0.00801,3.0,13730.0,1000.0,104.76,8926.0
0.00801,3.0,17650.0,2000.0,151.68,8926.0
0.00803,6.0,17950.0,998.0,289.19,8926.0
0.008,0.99,6860.0,1012.0,164.23,8926.0
0.007709999999999999,6.0,10100.0,1979.0,98.73,8926.0
0.0078,6.0,13730.0,1006.0,143.87,8926.0
0.00796,1.0,17650.0,2000.0,137.3,8926.0
0.007709999999999999,6.0,10200.0,4095.0,292.91,8926.0
0.007749999999999999,1.008,6860.0,500.0,151.23,8926.0
0.008,3.0,6860.0,2008.0,209.79,8926.0
0.00801,6.0,9810.0,501.0,126.92,8926.0
0.00785,1.0,6670.0,1034.0,94.12000000000002,8926.0
0.00781,3.0,9710.0,969.0,153.16,8926.0
0.00781,3.0,17550.0,1996.0,217.01999999999998,8926.0
0.00801,1.0,13730.0,1000.0,296.88,8926.0
0.00781,3.0,9710.0,1067.0,68.92,8926.0
0.00801,1.002,13829.999999999998,998.0,106.63,8926.0
0.00801,1.0,17650.0,2000.0,98.01,8926.0
0.00801,1.0,13730.0,500.0,96.63,8926.0
0.008,0.99,13730.0,3994.0,245.84,8926.0
0.00781,3.0,13730.0,3907.0,215.21,8926.0
0.00801,3.0,13730.0,1003.0,234.71,8926.0
0.00803,6.0,17650.0,1999.0,219.06,8926.0
0.00803,3.0,17650.0,1005.0,127.35,8926.0
0.00801,3.0,17550.0,3998.0,199.71,8926.0
0.00801,3.0,9810.0,4000.0,208.07999999999998,8926.0
0.00801,1.0,9810.0,2000.0,120.05,8926.0
0.008,1.0,9810.0,2029.0,179.6,8926.0
0.0078,6.0,9810.0,4020.0,204.06,8926.0
0.008,3.0,17650.0,983.0,238.79,8926.0
0.00799,3.0,9810.0,4004.0,234.56,8926.0
0.00801,1.002,9810.0,502.0,120.05,8926.0
0.00785,3.0,17650.0,1965.0,86.97999999999999,8926.0
0.00803,6.0,13630.0,1999.0,173.28,8926.0
0.00782,3.0,6960.0,4000.0,169.34,8926.0
0.008,1.0,9810.0,1975.0,168.32,8926.0
0.008,3.0,13730.0,500.0,224.47,8926.0
0.00795,3.0,9810.0,2010.0,208.97,8926.0
0.00801,1.0,17650.0,500.0,274.79,8926.0
0.00801,1.0,9810.0,1000.0,204.95,8926.0
0.00782,3.0,13730.0,2000.0,138.92,8926.0
0.00801,6.0,13730.0,501.0,132.79,8926.0
0.00781,3.0,9810.0,986.0,192.81,8926.0
0.00801,3.0,9810.0,4000.0,272.94,8926.0
0.00801,3.0,17650.0,4000.0,275.8,8926.0
0.00781,3.0,13829.999999999998,3916.0,235.77000000000004,8926.0
0.00785,1.0,6860.0,3894.0,237.14,8926.0
0.00801,1.0,9810.0,2000.0,228.30000000000004,8926.0
0.00796,3.0,17650.0,2000.0,279.99,8926.0
0.008,3.0,17650.0,995.0,206.76,8926.0
0.00803,3.0,17650.0,1009.0,92.98000000000002,8926.0
0.00801,1.0,6860.0,2000.0,89.07000000000001,8926.0
0.00801,1.0,13730.0,4000.0,158.16,8926.0
0.008,1.0,6860.0,501.0,115.00000000000001,8926.0
0.00785,3.0,9710.0,1976.0,78.98,8926.0
0.00778,6.0,7160.0,1972.0,150.12,8926.0
0.00801,1.0,17650.0,4000.0,262.32,8926.0
0.00801,1.0,17650.0,2000.0,245.89000000000001,8926.0
0.00799,3.0,9810.0,1001.0,133.06,8926.0
0.007749999999999999,1.008,9900.0,500.0,92.89,8926.0
0.00781,3.0,9900.0,1984.0,147.12,8926.0
0.00796,1.0,17650.0,2000.0,242.89000000000001,8926.0
0.00801,3.0,9810.0,500.0,176.62,8926.0
0.008,0.99,6860.0,2014.0,89.07000000000001,8926.0
0.00799,3.0,6860.0,1001.0,154.26,8926.0
0.00781,3.0,17750.0,1984.0,196.62,8926.0
0.00803,6.0,13730.0,999.0,260.07,8926.0
0.00801,3.0,9810.0,2007.0,190.77,8926.0
0.00803,6.0,17950.0,1002.0,132.24,8926.0
0.00801,1.0,13730.0,2000.0,163.28,8926.0
0.00778,6.0,7260.000000000001,3967.0,196.7,8926.0
0.00801,1.002,13730.0,998.0,219.41,8926.0
0.00803,6.0,13730.0,1999.0,73.38,8926.0
0.007749999999999999,1.008,6860.0,4000.0,197.75,8926.0
0.00781,3.0,13530.0,986.0,70.57,8926.0
0.00801,1.0,9810.0,2000.0,179.6,8926.0
0.00801,3.0,9810.0,1000.0,129.04,8926.0
0.00796,1.0,9810.0,2000.0,226.35,8926.0
0.00796,1.0,13730.0,2000.0,243.92999999999998,8926.0
0.007749999999999999,1.008,13730.0,1000.0,56.309999999999995,8926.0
0.00785,1.0,13730.0,1971.0,235.57,8926.0
0.00785,1.0,9810.0,3963.0,255.81,8926.0
0.00801,3.0,13730.0,4000.0,276.44,8926.0
0.00801,6.0,9810.0,501.0,111.99,8926.0
0.00785,1.0,6770.0,1987.0,217.99999999999997,8926.0
0.008,0.99,17650.0,3966.0,311.93,8926.0
0.00801,1.0,17650.0,1000.0,110.20999999999998,8926.0
0.00801,3.0,9810.0,1000.0,99.84,8926.0
0.00801,3.0,17650.0,1000.0,171.06,8926.0
0.00782,3.0,13930.0,4000.0,186.52,8926.0
0.00801,3.0,6860.0,4000.0,217.06,8926.0
0.00801,1.0,6860.0,1000.0,251.17,8926.0
0.007749999999999999,1.008,9810.0,1000.0,183.71000000000004,8926.0
0.007709999999999999,6.0,14120.000000000002,1014.0,168.18,8926.0
0.00801,3.0,13730.0,1000.0,119.76000000000002,8926.0
0.00801,3.0,13730.0,4000.0,241.80000000000004,8926.0
0.00801,3.0,9810.0,1000.0,274.9,8926.0
0.00796,3.0,9810.0,2000.0,98.89,8926.0
0.00781,3.0,6860.0,1996.0,132.01,8926.0
0.00799,1.0,6860.0,1001.0,204.9,8926.0
0.00801,3.0,6860.0,4000.0,219.9,8926.0
0.0078,6.0,6860.0,1001.0,214.86000000000004,8926.0
0.0078,6.0,13730.0,1001.0,173.25,8926.0
0.00801,3.0,17550.0,501.0,300.69,8926.0
0.00778,6.0,17650.0,1035.0,306.77,8926.0
0.008,1.0,17550.0,502.0,263.31,8926.0
0.00801,3.0,17650.0,2000.0,121.17,8926.0
0.00803,6.0,18040.0,998.0,310.02,8926.0
0.00801,1.002,13730.0,998.0,204.04000000000002,8926.0
0.00803,6.0,17550.0,1991.0,133.24,8926.0
0.007709999999999999,6.0,10000.0,1026.0,166.27,8926.0
0.00801,3.0,13730.0,501.0,240.73,8926.0
0.008,0.99,13730.0,2008.0,76.51000000000002,8926.0
0.00801,3.0,6860.0,4008.0,203.79,8926.0
0.00796,3.0,6860.0,4000.0,58.919999999999995,8926.0
0.00781,3.0,17550.0,4021.0,287.21,8926.0
0.00801,1.0,17650.0,4000.0,200.66,8926.0
0.007749999999999999,1.008,6860.0,4000.0,219.9,8926.0
0.00803,6.0,9810.0,1999.0,182.57,8926.0
0.00785,1.0,9900.0,4020.0,198.87,8926.0
0.00801,3.0,6860.0,1000.0,247.23,8926.0
0.00782,3.0,13730.0,2000.0,152.08,8926.0
0.00801,1.0,9810.0,4000.0,166.47,8926.0
0.00801,3.0,9810.0,1009.0,264.77,8926.0
0.00801,3.0,13730.0,1000.0,129.71,8926.0
0.00801,3.0,13730.0,2000.0,177.4,8926.0
0.00801,1.0,13730.0,4000.0,200.88,8926.0
0.008,1.0,17650.0,500.0,289.2,8926.0
0.00801,1.0,17650.0,2000.0,146.51,8926.0
0.00801,1.0,17650.0,2000.0,277.8,8926.0
0.00801,3.0,9810.0,2000.0,168.32,8926.0
0.00803,6.0,17550.0,1999.0,112.08,8926.0
0.00778,6.0,17550.0,2001.0,290.3,8926.0
0.00801,3.0,6860.0,2000.0,87.16,8926.0
0.00778,6.0,10100.0,1021.0,80.8,8926.0
0.00801,1.0,9810.0,1000.0,253.74000000000004,8926.0
0.008,1.0,13730.0,2018.0,284.64,8926.0
0.00801,3.0,17550.0,4008.0,239.62,8926.0
0.00801,1.0,13730.0,2000.0,145.04,8926.0
0.00778,6.0,7260.000000000001,1047.0,166.37,8926.0
0.00801,3.0,9810.0,1000.0,168.32,8926.0
0.008,0.99,17650.0,1007.0,267.47,8926.0
0.00782,3.0,10000.0,4000.0,158.15,8926.0
0.0078,6.0,13730.0,4002.0,251.96,8926.0
0.00799,3.0,9810.0,1001.0,204.95,8926.0
0.00803,3.0,13730.0,2001.0,330.36,8926.0
0.00801,1.0,6860.0,4000.0,264.18,8926.0
0.00801,6.0,6770.0,501.0,140.09,8926.0
0.0078,6.0,13730.0,2007.0,265.19,8926.0
0.008,0.99,9810.0,1007.0,215.16999999999996,8926.0
0.00778,6.0,7160.0,3990.0,177.4,8926.0
0.00801,6.0,13730.0,501.0,78.43000000000002,8926.0
0.00803,6.0,6860.0,1998.0,207.79000000000002,8926.0
0.00785,1.0,6960.0,1034.0,271.14,8926.0
0.00796,3.0,6860.0,4000.0,220.99,8926.0
0.00796,3.0,13730.0,2000.0,159.09,8926.0
0.00781,3.0,6860.0,3965.0,105.98,8926.0
0.00795,3.0,9810.0,2000.0,166.47,8926.0
0.00803,6.0,9810.0,999.0,161.38,8926.0
0.008,1.0,13730.0,980.0,137.75,8926.0
0.00785,3.0,17650.0,1080.0,172.91,8926.0
0.00795,3.0,9810.0,1990.0,220.23,8926.0
0.00782,3.0,9810.0,4000.0,143.17,8926.0
0.00801,1.0,13730.0,1000.0,309.0,8926.0
0.00803,3.0,13730.0,1997.0,149.03,8926.0
0.00785,3.0,17460.0,1126.0,251.0,8926.0
0.008,1.0,6860.0,980.0,177.57,8926.0
0.00801,3.0,9810.0,3987.0,204.95,8926.0
0.007789999999999999,6.0,9810.0,4002.0,97.94000000000001,8926.0
0.00785,1.0,6670.0,1074.0,134.17,8926.0
0.00781,3.0,14020.0,2044.0,317.05,8926.0
0.00801,1.0,13730.0,1000.0,206.94999999999996,8926.0
0.00801,3.0,17650.0,4000.0,342.79,8926.0
0.00801,3.0,9810.0,3987.0,245.61,8926.0
0.00799,3.0,9810.0,996.0,143.17,8926.0
0.008,0.99,13730.0,2014.0,245.84,8926.0
0.0078,6.0,6860.0,1001.0,184.64,8926.0
0.00796,1.0,17650.0,2000.0,201.78999999999996,8926.0
0.008,3.0,17550.0,2000.0,325.16,8926.0
0.00799,3.0,6860.0,1001.0,225.12,8926.0
0.008,1.0,17650.0,979.0,273.78,8926.0
0.00781,3.0,9900.0,4003.0,176.59,8926.0
0.00799,1.0,13730.0,1001.0,214.32,8926.0
0.008,0.99,6860.0,3999.0,136.25,8926.0
0.00803,6.0,6860.0,2004.0,109.06999999999998,8926.0
0.00801,1.0,6860.0,4000.0,145.16,8926.0
0.008,1.0,6860.0,1990.0,220.99,8926.0
0.007749999999999999,1.008,6960.0,4000.0,127.09,8926.0
0.0078,6.0,13730.0,4002.0,239.65999999999997,8926.0
0.00803,6.0,13530.0,1999.0,270.27,8926.0
0.00801,3.0,9810.0,501.0,125.97,8926.0
0.008,0.99,17650.0,2008.0,213.94,8926.0
0.00803,3.0,17650.0,2001.0,208.78,8926.0
0.007709999999999999,6.0,10100.0,2072.0,137.85,8926.0
0.00796,3.0,6860.0,4000.0,234.16,8926.0
0.008,1.0,9810.0,2011.0,198.9,8926.0
0.00796,1.0,9810.0,4000.0,138.0,8926.0
0.00799,3.0,6860.0,1001.0,204.9,8926.0
0.008,1.0,17650.0,500.0,199.53,8926.0
0.00801,3.0,13730.0,1009.0,215.21,8926.0
0.00801,1.0,17650.0,2000.0,297.57,8926.0
0.0078,6.0,9810.0,3991.0,233.48,8926.0
0.00801,6.0,13730.0,501.0,178.55000000000004,8926.0
0.008,0.99,6860.0,3994.0,165.38,8926.0
0.00801,1.0,13730.0,2000.0,287.7,8926.0
0.00801,3.0,9810.0,2000.0,159.29,8926.0
0.0078,6.0,13730.0,1001.0,183.6,8926.0
0.00795,3.0,9810.0,2020.0,178.45,8926.0
0.00799,1.0,13730.0,2002.0,173.25,8926.0
0.0078,6.0,13730.0,1001.0,256.14,8926.0
0.00803,6.0,6860.0,2004.0,222.95,8926.0
0.00801,3.0,13730.0,500.0,311.06,8926.0
0.00803,3.0,17650.0,2007.0,280.98,8926.0
0.0078,6.0,13730.0,2001.0,213.21,8926.0
0.007749999999999999,1.008,6860.0,2000.0,197.75,8926.0
0.00801,3.0,13730.0,1009.0,247.96,8926.0
0.00785,1.0,9810.0,1970.0,235.41,8926.0
0.00801,3.0,13730.0,1009.0,202.91,8926.0
0.00799,1.0,13730.0,2008.0,204.04000000000002,8926.0
0.007749999999999999,1.008,6860.0,2000.0,143.28,8926.0
0.00801,3.0,6860.0,1000.0,85.01,8926.0
0.00796,3.0,6860.0,2000.0,247.23,8926.0
0.00801,3.0,13730.0,4008.0,204.93,8926.0
0.00801,1.0,17650.0,4000.0,188.36,8926.0
0.00801,1.0,9810.0,2000.0,191.67,8926.0
0.00801,1.0,17650.0,4000.0,176.16,8926.0
0.00801,3.0,17650.0,2000.0,280.98,8926.0
0.00781,3.0,9610.0,2042.0,130.08,8926.0
0.008,1.0,6860.0,503.0,138.13,8926.0
0.00801,1.0,17650.0,500.0,117.13,8926.0
0.0078,6.0,9810.0,1001.0,214.07,8926.0
0.00801,1.002,13730.0,998.0,89.68999999999998,8926.0
0.007749999999999999,1.008,7060.000000000001,1000.0,229.07,8926.0
0.00801,3.0,9810.0,500.0,264.77,8926.0
0.008,1.0,9810.0,980.0,242.65,8926.0
0.008,1.0,17650.0,2000.0,147.45,8926.0
0.007749999999999999,1.008,13829.999999999998,500.0,117.57999999999998,8926.0
0.00785,1.0,9710.0,4026.0,293.89,8926.0
0.00801,1.0,9810.0,500.0,266.78,8926.0
0.007749999999999999,1.008,9710.0,4000.0,281.97,8926.0
0.00785,1.0,13530.0,1049.0,254.08,8926.0
0.0078,6.0,13730.0,4014.0,297.79,8926.0
0.00801,1.002,6960.0,501.0,69.01,8926.0
0.00785,1.0,13730.0,1971.0,259.24,8926.0
0.00801,3.0,9810.0,500.0,122.9,8926.0
0.00801,3.0,9810.0,1003.0,234.56,8926.0
0.00796,1.0,13730.0,4000.0,94.72,8926.0
0.00801,3.0,9810.0,500.0,160.22,8926.0
0.00801,1.0,17650.0,500.0,211.92,8926.0
0.00801,1.0,17650.0,2000.0,162.68,8926.0
0.0078,6.0,13730.0,2007.0,243.92999999999998,8926.0
0.00803,6.0,6860.0,990.0,102.17999999999999,8926.0
0.00782,3.0,10000.0,2000.0,253.58999999999997,8926.0
0.00795,3.0,9810.0,4092.0,178.45,8926.0
0.00803,6.0,9810.0,1002.0,236.48,8926.0
0.00801,3.0,9810.0,1000.0,232.41,8926.0
0.008,1.0,13730.0,2007.0,263.15,8926.0
0.00799,3.0,6860.0,1001.0,174.36,8926.0
0.00781,3.0,13730.0,1091.0,158.16,8926.0
0.00801,1.002,17650.0,501.0,141.32,8926.0
0.00796,3.0,9810.0,4000.0,96.03,8926.0
0.00785,1.0,13630.0,1043.0,215.22999999999996,8926.0
0.00801,3.0,13730.0,4000.0,306.92,8926.0
0.00801,3.0,9810.0,501.0,250.63,8926.0
0.00801,3.0,13730.0,500.0,286.75,8926.0
0.00801,3.0,9810.0,4008.0,195.75,8926.0
0.00799,1.0,13730.0,1007.0,275.45,8926.0
0.00801,1.002,13730.0,998.0,258.21,8926.0
0.0078,6.0,9810.0,2006.0,152.3,8926.0
0.00785,1.0,9710.0,2004.0,188.65,8926.0
0.008,0.99,6860.0,3999.0,240.1,8926.0
0.0078,6.0,6860.0,1984.0,225.12,8926.0
0.008,1.0,13530.0,1976.0,120.77,8926.0
